source_file,test_group,code_family,code_id,code_type,standard,N,K,code_rate,decoder,modulation,ebn0_db,snr_db,frames,error_frames,bit_errors,ber,fer,throughput_mbps,goodput_mbps,fps,avg_frame_latency_ms,tx_throughput_mbps,rx_demod_throughput_mbps,fec_throughput_mbps,tx_latency_ms,rx_demod_latency_ms,fec_latency_ms,notes
E:\Codex\usrp_plt_1\build\uhd_cpp_gpu_pipeline\logs\throughput_all_ldpc_mcs_ebn0_0_2_16_20260524_161606\offline_gpu\CCSDS_ldpc_n128_k64_bpsk_cuda-bp-osd_EbN0_0dB.log,history_throughput_ccsds_dvbs2,CCSDS,CCSDS_ldpc_n128_k64,LDPC,CCSDS,128,64,0.5,CUDA BP-OSD,bpsk,0.0,-3.01,2000.0,0.0,NA,NA,0.0,NA,9.13,2377.74,NA,NA,87.0,12.25,NA,0.0441,0.3134,
E:\Codex\usrp_plt_1\build\uhd_cpp_gpu_pipeline\logs\throughput_all_ldpc_mcs_ebn0_0_2_16_20260524_161606\offline_gpu\CCSDS_ldpc_n128_k64_bpsk_cuda-bp-osd_EbN0_2dB.log,history_throughput_ccsds_dvbs2,CCSDS,CCSDS_ldpc_n128_k64,LDPC,CCSDS,128,64,0.5,CUDA BP-OSD,bpsk,2.0,-1.01,2000.0,0.0,NA,NA,0.0,NA,10.48,2728.93,NA,NA,86.06,14.79,NA,0.0446,0.2597,
E:\Codex\usrp_plt_1\build\uhd_cpp_gpu_pipeline\logs\throughput_all_ldpc_mcs_ebn0_0_2_16_20260524_161606\offline_gpu\CCSDS_ldpc_n128_k64_bpsk_cuda-bp-osd_EbN0_4dB.log,history_throughput_ccsds_dvbs2,CCSDS,CCSDS_ldpc_n128_k64,LDPC,CCSDS,128,64,0.5,CUDA BP-OSD,bpsk,4.0,0.99,2000.0,0.0,NA,NA,0.0,NA,13.04,3396.04,NA,NA,87.7,20.26,NA,0.0438,0.1895,
E:\Codex\usrp_plt_1\build\uhd_cpp_gpu_pipeline\logs\throughput_all_ldpc_mcs_ebn0_0_2_16_20260524_161606\offline_gpu\CCSDS_ldpc_n128_k64_bpsk_cuda-bp-osd_EbN0_6dB.log,history_throughput_ccsds_dvbs2,CCSDS,CCSDS_ldpc_n128_k64,LDPC,CCSDS,128,64,0.5,CUDA BP-OSD,bpsk,6.0,2.99,2000.0,0.0,NA,NA,0.0,NA,30.81,8024.66,NA,NA,88.25,196.99,NA,0.0435,0.0195,
E:\Codex\usrp_plt_1\build\uhd_cpp_gpu_pipeline\logs\throughput_all_ldpc_mcs_ebn0_0_2_16_20260524_161606\offline_gpu\CCSDS_ldpc_n128_k64_bpsk_cuda-bp-osd_EbN0_8dB.log,history_throughput_ccsds_dvbs2,CCSDS,CCSDS_ldpc_n128_k64,LDPC,CCSDS,128,64,0.5,CUDA BP-OSD,bpsk,8.0,4.99,2000.0,0.0,NA,NA,0.0,NA,31.24,8135.85,NA,NA,87.49,278.4,NA,0.0439,0.0138,
E:\Codex\usrp_plt_1\build\uhd_cpp_gpu_pipeline\logs\throughput_all_ldpc_mcs_ebn0_0_2_16_20260524_161606\offline_gpu\CCSDS_ldpc_n128_k64_bpsk_cuda-bp-osd_EbN0_10dB.log,history_throughput_ccsds_dvbs2,CCSDS,CCSDS_ldpc_n128_k64,LDPC,CCSDS,128,64,0.5,CUDA BP-OSD,bpsk,10.0,6.99,2000.0,0.0,NA,NA,0.0,NA,31.69,8253.14,NA,NA,86.14,323.83,NA,0.0446,0.0119,
E:\Codex\usrp_plt_1\build\uhd_cpp_gpu_pipeline\logs\throughput_all_ldpc_mcs_ebn0_0_2_16_20260524_161606\offline_gpu\CCSDS_ldpc_n128_k64_bpsk_cuda-bp-osd_EbN0_12dB.log,history_throughput_ccsds_dvbs2,CCSDS,CCSDS_ldpc_n128_k64,LDPC,CCSDS,128,64,0.5,CUDA BP-OSD,bpsk,12.0,8.99,2000.0,0.0,NA,NA,0.0,NA,31.13,8106.42,NA,NA,85.39,316.82,NA,0.045,0.0121,
E:\Codex\usrp_plt_1\build\uhd_cpp_gpu_pipeline\logs\throughput_all_ldpc_mcs_ebn0_0_2_16_20260524_161606\offline_gpu\CCSDS_ldpc_n128_k64_bpsk_cuda-bp-osd_EbN0_14dB.log,history_throughput_ccsds_dvbs2,CCSDS,CCSDS_ldpc_n128_k64,LDPC,CCSDS,128,64,0.5,CUDA BP-OSD,bpsk,14.0,10.99,2000.0,0.0,NA,NA,0.0,NA,31.06,8088.64,NA,NA,86.91,330.92,NA,0.0442,0.0116,
E:\Codex\usrp_plt_1\build\uhd_cpp_gpu_pipeline\logs\throughput_all_ldpc_mcs_ebn0_0_2_16_20260524_161606\offline_gpu\CCSDS_ldpc_n128_k64_bpsk_cuda-bp-osd_EbN0_16dB.log,history_throughput_ccsds_dvbs2,CCSDS,CCSDS_ldpc_n128_k64,LDPC,CCSDS,128,64,0.5,CUDA BP-OSD,bpsk,16.0,12.99,2000.0,0.0,NA,NA,0.0,NA,31.3,8149.76,NA,NA,87.46,359.02,NA,0.0439,0.0107,
E:\Codex\usrp_plt_1\build\uhd_cpp_gpu_pipeline\logs\throughput_all_ldpc_mcs_ebn0_0_2_16_20260524_161606\offline_gpu\CCSDS_ldpc_n128_k64_qpsk_cuda-bp-osd_EbN0_0dB.log,history_throughput_ccsds_dvbs2,CCSDS,CCSDS_ldpc_n128_k64,LDPC,CCSDS,128,64,0.5,CUDA BP-OSD,qpsk,0.0,0.0,2000.0,0.0,NA,NA,0.0,NA,13.08,1702.98,NA,NA,168.8,16.47,NA,0.0455,0.4664,
E:\Codex\usrp_plt_1\build\uhd_cpp_gpu_pipeline\logs\throughput_all_ldpc_mcs_ebn0_0_2_16_20260524_161606\offline_gpu\CCSDS_ldpc_n128_k64_qpsk_cuda-bp-osd_EbN0_2dB.log,history_throughput_ccsds_dvbs2,CCSDS,CCSDS_ldpc_n128_k64,LDPC,CCSDS,128,64,0.5,CUDA BP-OSD,qpsk,2.0,2.0,2000.0,0.0,NA,NA,0.0,NA,17.72,2307.91,NA,NA,169.65,24.78,NA,0.0453,0.3099,
E:\Codex\usrp_plt_1\build\uhd_cpp_gpu_pipeline\logs\throughput_all_ldpc_mcs_ebn0_0_2_16_20260524_161606\offline_gpu\CCSDS_ldpc_n128_k64_qpsk_cuda-bp-osd_EbN0_4dB.log,history_throughput_ccsds_dvbs2,CCSDS,CCSDS_ldpc_n128_k64,LDPC,CCSDS,128,64,0.5,CUDA BP-OSD,qpsk,4.0,4.0,2000.0,0.0,NA,NA,0.0,NA,23.4,3047.19,NA,NA,168.82,37.39,NA,0.0455,0.2054,
E:\Codex\usrp_plt_1\build\uhd_cpp_gpu_pipeline\logs\throughput_all_ldpc_mcs_ebn0_0_2_16_20260524_161606\offline_gpu\CCSDS_ldpc_n128_k64_qpsk_cuda-bp-osd_EbN0_6dB.log,history_throughput_ccsds_dvbs2,CCSDS,CCSDS_ldpc_n128_k64,LDPC,CCSDS,128,64,0.5,CUDA BP-OSD,qpsk,6.0,6.0,2000.0,0.0,NA,NA,0.0,NA,52.67,6857.96,NA,NA,172.54,303.57,NA,0.0445,0.0253,
E:\Codex\usrp_plt_1\build\uhd_cpp_gpu_pipeline\logs\throughput_all_ldpc_mcs_ebn0_0_2_16_20260524_161606\offline_gpu\CCSDS_ldpc_n128_k64_qpsk_cuda-bp-osd_EbN0_8dB.log,history_throughput_ccsds_dvbs2,CCSDS,CCSDS_ldpc_n128_k64,LDPC,CCSDS,128,64,0.5,CUDA BP-OSD,qpsk,8.0,8.0,2000.0,0.0,NA,NA,0.0,NA,54.02,7033.3,NA,NA,166.29,452.92,NA,0.0462,0.017,
E:\Codex\usrp_plt_1\build\uhd_cpp_gpu_pipeline\logs\throughput_all_ldpc_mcs_ebn0_0_2_16_20260524_161606\offline_gpu\CCSDS_ldpc_n128_k64_qpsk_cuda-bp-osd_EbN0_10dB.log,history_throughput_ccsds_dvbs2,CCSDS,CCSDS_ldpc_n128_k64,LDPC,CCSDS,128,64,0.5,CUDA BP-OSD,qpsk,10.0,10.0,2000.0,0.0,NA,NA,0.0,NA,54.36,7078.0,NA,NA,168.99,489.29,NA,0.0454,0.0157,
E:\Codex\usrp_plt_1\build\uhd_cpp_gpu_pipeline\logs\throughput_all_ldpc_mcs_ebn0_0_2_16_20260524_161606\offline_gpu\CCSDS_ldpc_n128_k64_qpsk_cuda-bp-osd_EbN0_12dB.log,history_throughput_ccsds_dvbs2,CCSDS,CCSDS_ldpc_n128_k64,LDPC,CCSDS,128,64,0.5,CUDA BP-OSD,qpsk,12.0,12.0,2000.0,0.0,NA,NA,0.0,NA,55.8,7265.4,NA,NA,170.07,531.95,NA,0.0452,0.0144,
E:\Codex\usrp_plt_1\build\uhd_cpp_gpu_pipeline\logs\throughput_all_ldpc_mcs_ebn0_0_2_16_20260524_161606\offline_gpu\CCSDS_ldpc_n128_k64_qpsk_cuda-bp-osd_EbN0_14dB.log,history_throughput_ccsds_dvbs2,CCSDS,CCSDS_ldpc_n128_k64,LDPC,CCSDS,128,64,0.5,CUDA BP-OSD,qpsk,14.0,14.0,2000.0,0.0,NA,NA,0.0,NA,53.95,7024.46,NA,NA,167.75,513.57,NA,0.0458,0.015,
E:\Codex\usrp_plt_1\build\uhd_cpp_gpu_pipeline\logs\throughput_all_ldpc_mcs_ebn0_0_2_16_20260524_161606\offline_gpu\CCSDS_ldpc_n128_k64_qpsk_cuda-bp-osd_EbN0_16dB.log,history_throughput_ccsds_dvbs2,CCSDS,CCSDS_ldpc_n128_k64,LDPC,CCSDS,128,64,0.5,CUDA BP-OSD,qpsk,16.0,16.0,2000.0,0.0,NA,NA,0.0,NA,55.77,7261.62,NA,NA,169.26,504.46,NA,0.0454,0.0152,
E:\Codex\usrp_plt_1\build\uhd_cpp_gpu_pipeline\logs\throughput_all_ldpc_mcs_ebn0_0_2_16_20260524_161606\offline_gpu\CCSDS_ldpc_n128_k64_16qam_cuda-bp-osd_EbN0_0dB.log,history_throughput_ccsds_dvbs2,CCSDS,CCSDS_ldpc_n128_k64,LDPC,CCSDS,128,64,0.5,CUDA BP-OSD,16qam,0.0,3.01,2000.0,0.0,NA,NA,0.0,NA,15.6,1015.47,NA,NA,274.21,18.54,NA,0.056,0.8285,
E:\Codex\usrp_plt_1\build\uhd_cpp_gpu_pipeline\logs\throughput_all_ldpc_mcs_ebn0_0_2_16_20260524_161606\offline_gpu\CCSDS_ldpc_n128_k64_16qam_cuda-bp-osd_EbN0_2dB.log,history_throughput_ccsds_dvbs2,CCSDS,CCSDS_ldpc_n128_k64,LDPC,CCSDS,128,64,0.5,CUDA BP-OSD,16qam,2.0,5.01,2000.0,0.0,NA,NA,0.0,NA,15.87,1033.03,NA,NA,275.62,18.8,NA,0.0557,0.8168,
E:\Codex\usrp_plt_1\build\uhd_cpp_gpu_pipeline\logs\throughput_all_ldpc_mcs_ebn0_0_2_16_20260524_161606\offline_gpu\CCSDS_ldpc_n128_k64_16qam_cuda-bp-osd_EbN0_4dB.log,history_throughput_ccsds_dvbs2,CCSDS,CCSDS_ldpc_n128_k64,LDPC,CCSDS,128,64,0.5,CUDA BP-OSD,16qam,4.0,7.01,2000.0,0.0,NA,NA,0.0,NA,16.07,1046.16,NA,NA,280.01,19.19,NA,0.0549,0.8006,
E:\Codex\usrp_plt_1\build\uhd_cpp_gpu_pipeline\logs\throughput_all_ldpc_mcs_ebn0_0_2_16_20260524_161606\offline_gpu\CCSDS_ldpc_n128_k64_16qam_cuda-bp-osd_EbN0_6dB.log,history_throughput_ccsds_dvbs2,CCSDS,CCSDS_ldpc_n128_k64,LDPC,CCSDS,128,64,0.5,CUDA BP-OSD,16qam,6.0,9.01,2000.0,0.0,NA,NA,0.0,NA,28.74,1871.19,NA,NA,283.18,40.58,NA,0.0542,0.3785,
E:\Codex\usrp_plt_1\build\uhd_cpp_gpu_pipeline\logs\throughput_all_ldpc_mcs_ebn0_0_2_16_20260524_161606\offline_gpu\CCSDS_ldpc_n128_k64_16qam_cuda-bp-osd_EbN0_8dB.log,history_throughput_ccsds_dvbs2,CCSDS,CCSDS_ldpc_n128_k64,LDPC,CCSDS,128,64,0.5,CUDA BP-OSD,16qam,8.0,11.01,2000.0,0.0,NA,NA,0.0,NA,43.89,2857.7,NA,NA,280.96,76.22,NA,0.0547,0.2015,
E:\Codex\usrp_plt_1\build\uhd_cpp_gpu_pipeline\logs\throughput_all_ldpc_mcs_ebn0_0_2_16_20260524_161606\offline_gpu\CCSDS_ldpc_n128_k64_16qam_cuda-bp-osd_EbN0_10dB.log,history_throughput_ccsds_dvbs2,CCSDS,CCSDS_ldpc_n128_k64,LDPC,CCSDS,128,64,0.5,CUDA BP-OSD,16qam,10.0,13.01,2000.0,0.0,NA,NA,0.0,NA,82.18,5350.33,NA,NA,283.21,469.28,NA,0.0542,0.0327,
E:\Codex\usrp_plt_1\build\uhd_cpp_gpu_pipeline\logs\throughput_all_ldpc_mcs_ebn0_0_2_16_20260524_161606\offline_gpu\CCSDS_ldpc_n128_k64_16qam_cuda-bp-osd_EbN0_12dB.log,history_throughput_ccsds_dvbs2,CCSDS,CCSDS_ldpc_n128_k64,LDPC,CCSDS,128,64,0.5,CUDA BP-OSD,16qam,12.0,15.01,2000.0,0.0,NA,NA,0.0,NA,83.58,5441.49,NA,NA,280.76,599.24,NA,0.0547,0.0256,
E:\Codex\usrp_plt_1\build\uhd_cpp_gpu_pipeline\logs\throughput_all_ldpc_mcs_ebn0_0_2_16_20260524_161606\offline_gpu\CCSDS_ldpc_n128_k64_16qam_cuda-bp-osd_EbN0_14dB.log,history_throughput_ccsds_dvbs2,CCSDS,CCSDS_ldpc_n128_k64,LDPC,CCSDS,128,64,0.5,CUDA BP-OSD,16qam,14.0,17.01,2000.0,0.0,NA,NA,0.0,NA,83.85,5459.05,NA,NA,281.23,658.11,NA,0.0546,0.0233,
E:\Codex\usrp_plt_1\build\uhd_cpp_gpu_pipeline\logs\throughput_all_ldpc_mcs_ebn0_0_2_16_20260524_161606\offline_gpu\CCSDS_ldpc_n128_k64_16qam_cuda-bp-osd_EbN0_16dB.log,history_throughput_ccsds_dvbs2,CCSDS,CCSDS_ldpc_n128_k64,LDPC,CCSDS,128,64,0.5,CUDA BP-OSD,16qam,16.0,19.01,2000.0,0.0,NA,NA,0.0,NA,88.17,5740.4,NA,NA,278.18,697.5,NA,0.0552,0.022,
E:\Codex\usrp_plt_1\build\uhd_cpp_gpu_pipeline\logs\throughput_all_ldpc_mcs_ebn0_0_2_16_20260524_161606\offline_gpu\CCSDS_ldpc_n128_k64_64qam_cuda-bp-osd_EbN0_0dB.log,history_throughput_ccsds_dvbs2,CCSDS,CCSDS_ldpc_n128_k64,LDPC,CCSDS,128,64,0.5,CUDA BP-OSD,64qam,0.0,4.77,2000.0,0.0,NA,NA,0.0,NA,15.67,679.91,NA,NA,179.61,18.99,NA,0.1283,1.2133,
E:\Codex\usrp_plt_1\build\uhd_cpp_gpu_pipeline\logs\throughput_all_ldpc_mcs_ebn0_0_2_16_20260524_161606\offline_gpu\CCSDS_ldpc_n128_k64_64qam_cuda-bp-osd_EbN0_2dB.log,history_throughput_ccsds_dvbs2,CCSDS,CCSDS_ldpc_n128_k64,LDPC,CCSDS,128,64,0.5,CUDA BP-OSD,64qam,2.0,6.77,2000.0,0.0,NA,NA,0.0,NA,15.54,674.65,NA,NA,178.92,18.84,NA,0.1288,1.2227,
E:\Codex\usrp_plt_1\build\uhd_cpp_gpu_pipeline\logs\throughput_all_ldpc_mcs_ebn0_0_2_16_20260524_161606\offline_gpu\CCSDS_ldpc_n128_k64_64qam_cuda-bp-osd_EbN0_4dB.log,history_throughput_ccsds_dvbs2,CCSDS,CCSDS_ldpc_n128_k64,LDPC,CCSDS,128,64,0.5,CUDA BP-OSD,64qam,4.0,8.77,2000.0,0.0,NA,NA,0.0,NA,15.71,681.87,NA,NA,179.88,19.0,NA,0.1281,1.2126,
E:\Codex\usrp_plt_1\build\uhd_cpp_gpu_pipeline\logs\throughput_all_ldpc_mcs_ebn0_0_2_16_20260524_161606\offline_gpu\CCSDS_ldpc_n128_k64_64qam_cuda-bp-osd_EbN0_6dB.log,history_throughput_ccsds_dvbs2,CCSDS,CCSDS_ldpc_n128_k64,LDPC,CCSDS,128,64,0.5,CUDA BP-OSD,64qam,6.0,10.77,2000.0,0.0,NA,NA,0.0,NA,15.89,689.83,NA,NA,178.12,19.39,NA,0.1293,1.1881,
E:\Codex\usrp_plt_1\build\uhd_cpp_gpu_pipeline\logs\throughput_all_ldpc_mcs_ebn0_0_2_16_20260524_161606\offline_gpu\CCSDS_ldpc_n128_k64_64qam_cuda-bp-osd_EbN0_8dB.log,history_throughput_ccsds_dvbs2,CCSDS,CCSDS_ldpc_n128_k64,LDPC,CCSDS,128,64,0.5,CUDA BP-OSD,64qam,8.0,12.77,2000.0,0.0,NA,NA,0.0,NA,23.11,1003.17,NA,NA,179.2,30.94,NA,0.1286,0.7446,
E:\Codex\usrp_plt_1\build\uhd_cpp_gpu_pipeline\logs\throughput_all_ldpc_mcs_ebn0_0_2_16_20260524_161606\offline_gpu\CCSDS_ldpc_n128_k64_64qam_cuda-bp-osd_EbN0_10dB.log,history_throughput_ccsds_dvbs2,CCSDS,CCSDS_ldpc_n128_k64,LDPC,CCSDS,128,64,0.5,CUDA BP-OSD,64qam,10.0,14.77,2000.0,0.0,NA,NA,0.0,NA,41.25,1790.18,NA,NA,181.53,74.61,NA,0.1269,0.3088,
E:\Codex\usrp_plt_1\build\uhd_cpp_gpu_pipeline\logs\throughput_all_ldpc_mcs_ebn0_0_2_16_20260524_161606\offline_gpu\CCSDS_ldpc_n128_k64_64qam_cuda-bp-osd_EbN0_12dB.log,history_throughput_ccsds_dvbs2,CCSDS,CCSDS_ldpc_n128_k64,LDPC,CCSDS,128,64,0.5,CUDA BP-OSD,64qam,12.0,16.77,2000.0,0.0,NA,NA,0.0,NA,60.6,2630.19,NA,NA,181.05,178.25,NA,0.1273,0.1293,
E:\Codex\usrp_plt_1\build\uhd_cpp_gpu_pipeline\logs\throughput_all_ldpc_mcs_ebn0_0_2_16_20260524_161606\offline_gpu\CCSDS_ldpc_n128_k64_64qam_cuda-bp-osd_EbN0_14dB.log,history_throughput_ccsds_dvbs2,CCSDS,CCSDS_ldpc_n128_k64,LDPC,CCSDS,128,64,0.5,CUDA BP-OSD,64qam,14.0,18.77,2000.0,0.0,NA,NA,0.0,NA,77.47,3362.24,NA,NA,181.35,534.54,NA,0.127,0.0431,
E:\Codex\usrp_plt_1\build\uhd_cpp_gpu_pipeline\logs\throughput_all_ldpc_mcs_ebn0_0_2_16_20260524_161606\offline_gpu\CCSDS_ldpc_n128_k64_64qam_cuda-bp-osd_EbN0_16dB.log,history_throughput_ccsds_dvbs2,CCSDS,CCSDS_ldpc_n128_k64,LDPC,CCSDS,128,64,0.5,CUDA BP-OSD,64qam,16.0,20.77,2000.0,0.0,NA,NA,0.0,NA,79.35,3444.05,NA,NA,180.38,614.54,NA,0.1277,0.0375,
E:\Codex\usrp_plt_1\build\uhd_cpp_gpu_pipeline\logs\throughput_all_ldpc_mcs_ebn0_0_2_16_20260524_161606\offline_gpu\CCSDS_ldpc_n256_k128_bpsk_cuda-bp-osd_EbN0_0dB.log,history_throughput_ccsds_dvbs2,CCSDS,CCSDS_ldpc_n256_k128,LDPC,CCSDS,256,128,0.5,CUDA BP-OSD,bpsk,0.0,-3.01,2000.0,0.0,NA,NA,0.0,NA,3.38,881.12,NA,NA,80.94,3.77,NA,0.0474,1.0197,
E:\Codex\usrp_plt_1\build\uhd_cpp_gpu_pipeline\logs\throughput_all_ldpc_mcs_ebn0_0_2_16_20260524_161606\offline_gpu\CCSDS_ldpc_n256_k128_bpsk_cuda-bp-osd_EbN0_2dB.log,history_throughput_ccsds_dvbs2,CCSDS,CCSDS_ldpc_n256_k128,LDPC,CCSDS,256,128,0.5,CUDA BP-OSD,bpsk,2.0,-1.01,2000.0,0.0,NA,NA,0.0,NA,4.78,1244.96,NA,NA,82.54,5.56,NA,0.0465,0.691,
E:\Codex\usrp_plt_1\build\uhd_cpp_gpu_pipeline\logs\throughput_all_ldpc_mcs_ebn0_0_2_16_20260524_161606\offline_gpu\CCSDS_ldpc_n256_k128_bpsk_cuda-bp-osd_EbN0_4dB.log,history_throughput_ccsds_dvbs2,CCSDS,CCSDS_ldpc_n256_k128,LDPC,CCSDS,256,128,0.5,CUDA BP-OSD,bpsk,4.0,0.99,2000.0,0.0,NA,NA,0.0,NA,14.02,3651.86,NA,NA,85.62,23.1,NA,0.0448,0.1662,
E:\Codex\usrp_plt_1\build\uhd_cpp_gpu_pipeline\logs\throughput_all_ldpc_mcs_ebn0_0_2_16_20260524_161606\offline_gpu\CCSDS_ldpc_n256_k128_bpsk_cuda-bp-osd_EbN0_6dB.log,history_throughput_ccsds_dvbs2,CCSDS,CCSDS_ldpc_n256_k128,LDPC,CCSDS,256,128,0.5,CUDA BP-OSD,bpsk,6.0,2.99,2000.0,0.0,NA,NA,0.0,NA,30.59,7966.02,NA,NA,84.53,219.69,NA,0.0454,0.0175,
E:\Codex\usrp_plt_1\build\uhd_cpp_gpu_pipeline\logs\throughput_all_ldpc_mcs_ebn0_0_2_16_20260524_161606\offline_gpu\CCSDS_ldpc_n256_k128_bpsk_cuda-bp-osd_EbN0_8dB.log,history_throughput_ccsds_dvbs2,CCSDS,CCSDS_ldpc_n256_k128,LDPC,CCSDS,256,128,0.5,CUDA BP-OSD,bpsk,8.0,4.99,2000.0,0.0,NA,NA,0.0,NA,30.52,7947.21,NA,NA,85.57,302.5,NA,0.0449,0.0127,
E:\Codex\usrp_plt_1\build\uhd_cpp_gpu_pipeline\logs\throughput_all_ldpc_mcs_ebn0_0_2_16_20260524_161606\offline_gpu\CCSDS_ldpc_n256_k128_bpsk_cuda-bp-osd_EbN0_10dB.log,history_throughput_ccsds_dvbs2,CCSDS,CCSDS_ldpc_n256_k128,LDPC,CCSDS,256,128,0.5,CUDA BP-OSD,bpsk,10.0,6.99,2000.0,0.0,NA,NA,0.0,NA,32.54,8473.92,NA,NA,86.98,402.15,NA,0.0441,0.0095,
E:\Codex\usrp_plt_1\build\uhd_cpp_gpu_pipeline\logs\throughput_all_ldpc_mcs_ebn0_0_2_16_20260524_161606\offline_gpu\CCSDS_ldpc_n256_k128_bpsk_cuda-bp-osd_EbN0_12dB.log,history_throughput_ccsds_dvbs2,CCSDS,CCSDS_ldpc_n256_k128,LDPC,CCSDS,256,128,0.5,CUDA BP-OSD,bpsk,12.0,8.99,2000.0,0.0,NA,NA,0.0,NA,32.36,8428.31,NA,NA,87.36,413.44,NA,0.044,0.0093,
E:\Codex\usrp_plt_1\build\uhd_cpp_gpu_pipeline\logs\throughput_all_ldpc_mcs_ebn0_0_2_16_20260524_161606\offline_gpu\CCSDS_ldpc_n256_k128_bpsk_cuda-bp-osd_EbN0_14dB.log,history_throughput_ccsds_dvbs2,CCSDS,CCSDS_ldpc_n256_k128,LDPC,CCSDS,256,128,0.5,CUDA BP-OSD,bpsk,14.0,10.99,2000.0,0.0,NA,NA,0.0,NA,32.52,8467.59,NA,NA,87.93,407.73,NA,0.0437,0.0094,
E:\Codex\usrp_plt_1\build\uhd_cpp_gpu_pipeline\logs\throughput_all_ldpc_mcs_ebn0_0_2_16_20260524_161606\offline_gpu\CCSDS_ldpc_n256_k128_bpsk_cuda-bp-osd_EbN0_16dB.log,history_throughput_ccsds_dvbs2,CCSDS,CCSDS_ldpc_n256_k128,LDPC,CCSDS,256,128,0.5,CUDA BP-OSD,bpsk,16.0,12.99,2000.0,0.0,NA,NA,0.0,NA,31.99,8330.22,NA,NA,88.97,416.72,NA,0.0432,0.0092,
E:\Codex\usrp_plt_1\build\uhd_cpp_gpu_pipeline\logs\throughput_all_ldpc_mcs_ebn0_0_2_16_20260524_161606\offline_gpu\CCSDS_ldpc_n256_k128_qpsk_cuda-bp-osd_EbN0_0dB.log,history_throughput_ccsds_dvbs2,CCSDS,CCSDS_ldpc_n256_k128,LDPC,CCSDS,256,128,0.5,CUDA BP-OSD,qpsk,0.0,0.0,2000.0,0.0,NA,NA,0.0,NA,4.67,607.71,NA,NA,158.92,5.07,NA,0.0483,1.5152,
E:\Codex\usrp_plt_1\build\uhd_cpp_gpu_pipeline\logs\throughput_all_ldpc_mcs_ebn0_0_2_16_20260524_161606\offline_gpu\CCSDS_ldpc_n256_k128_qpsk_cuda-bp-osd_EbN0_2dB.log,history_throughput_ccsds_dvbs2,CCSDS,CCSDS_ldpc_n256_k128,LDPC,CCSDS,256,128,0.5,CUDA BP-OSD,qpsk,2.0,2.0,2000.0,0.0,NA,NA,0.0,NA,6.72,874.95,NA,NA,161.24,7.55,NA,0.0476,1.0176,
E:\Codex\usrp_plt_1\build\uhd_cpp_gpu_pipeline\logs\throughput_all_ldpc_mcs_ebn0_0_2_16_20260524_161606\offline_gpu\CCSDS_ldpc_n256_k128_qpsk_cuda-bp-osd_EbN0_4dB.log,history_throughput_ccsds_dvbs2,CCSDS,CCSDS_ldpc_n256_k128,LDPC,CCSDS,256,128,0.5,CUDA BP-OSD,qpsk,4.0,4.0,2000.0,0.0,NA,NA,0.0,NA,19.12,2489.34,NA,NA,169.4,27.17,NA,0.0453,0.2827,
E:\Codex\usrp_plt_1\build\uhd_cpp_gpu_pipeline\logs\throughput_all_ldpc_mcs_ebn0_0_2_16_20260524_161606\offline_gpu\CCSDS_ldpc_n256_k128_qpsk_cuda-bp-osd_EbN0_6dB.log,history_throughput_ccsds_dvbs2,CCSDS,CCSDS_ldpc_n256_k128,LDPC,CCSDS,256,128,0.5,CUDA BP-OSD,qpsk,6.0,6.0,2000.0,0.0,NA,NA,0.0,NA,55.49,7225.0,NA,NA,167.42,381.15,NA,0.0459,0.0201,
E:\Codex\usrp_plt_1\build\uhd_cpp_gpu_pipeline\logs\throughput_all_ldpc_mcs_ebn0_0_2_16_20260524_161606\offline_gpu\CCSDS_ldpc_n256_k128_qpsk_cuda-bp-osd_EbN0_8dB.log,history_throughput_ccsds_dvbs2,CCSDS,CCSDS_ldpc_n256_k128,LDPC,CCSDS,256,128,0.5,CUDA BP-OSD,qpsk,8.0,8.0,2000.0,0.0,NA,NA,0.0,NA,54.68,7119.46,NA,NA,165.22,483.85,NA,0.0465,0.0159,
E:\Codex\usrp_plt_1\build\uhd_cpp_gpu_pipeline\logs\throughput_all_ldpc_mcs_ebn0_0_2_16_20260524_161606\offline_gpu\CCSDS_ldpc_n256_k128_qpsk_cuda-bp-osd_EbN0_10dB.log,history_throughput_ccsds_dvbs2,CCSDS,CCSDS_ldpc_n256_k128,LDPC,CCSDS,256,128,0.5,CUDA BP-OSD,qpsk,10.0,10.0,2000.0,0.0,NA,NA,0.0,NA,57.92,7542.11,NA,NA,170.07,619.27,NA,0.0452,0.0124,
E:\Codex\usrp_plt_1\build\uhd_cpp_gpu_pipeline\logs\throughput_all_ldpc_mcs_ebn0_0_2_16_20260524_161606\offline_gpu\CCSDS_ldpc_n256_k128_qpsk_cuda-bp-osd_EbN0_12dB.log,history_throughput_ccsds_dvbs2,CCSDS,CCSDS_ldpc_n256_k128,LDPC,CCSDS,256,128,0.5,CUDA BP-OSD,qpsk,12.0,12.0,2000.0,0.0,NA,NA,0.0,NA,55.77,7261.39,NA,NA,168.24,600.26,NA,0.0456,0.0128,
E:\Codex\usrp_plt_1\build\uhd_cpp_gpu_pipeline\logs\throughput_all_ldpc_mcs_ebn0_0_2_16_20260524_161606\offline_gpu\CCSDS_ldpc_n256_k128_qpsk_cuda-bp-osd_EbN0_14dB.log,history_throughput_ccsds_dvbs2,CCSDS,CCSDS_ldpc_n256_k128,LDPC,CCSDS,256,128,0.5,CUDA BP-OSD,qpsk,14.0,14.0,2000.0,0.0,NA,NA,0.0,NA,56.35,7336.82,NA,NA,167.06,597.75,NA,0.046,0.0128,
E:\Codex\usrp_plt_1\build\uhd_cpp_gpu_pipeline\logs\throughput_all_ldpc_mcs_ebn0_0_2_16_20260524_161606\offline_gpu\CCSDS_ldpc_n256_k128_qpsk_cuda-bp-osd_EbN0_16dB.log,history_throughput_ccsds_dvbs2,CCSDS,CCSDS_ldpc_n256_k128,LDPC,CCSDS,256,128,0.5,CUDA BP-OSD,qpsk,16.0,16.0,2000.0,0.0,NA,NA,0.0,NA,56.03,7295.83,NA,NA,167.66,593.16,NA,0.0458,0.0129,
E:\Codex\usrp_plt_1\build\uhd_cpp_gpu_pipeline\logs\throughput_all_ldpc_mcs_ebn0_0_2_16_20260524_161606\offline_gpu\CCSDS_ldpc_n256_k128_16qam_cuda-bp-osd_EbN0_0dB.log,history_throughput_ccsds_dvbs2,CCSDS,CCSDS_ldpc_n256_k128,LDPC,CCSDS,256,128,0.5,CUDA BP-OSD,16qam,0.0,3.01,2000.0,0.0,NA,NA,0.0,NA,5.1,332.31,NA,NA,255.1,5.44,NA,0.0602,2.8258,
E:\Codex\usrp_plt_1\build\uhd_cpp_gpu_pipeline\logs\throughput_all_ldpc_mcs_ebn0_0_2_16_20260524_161606\offline_gpu\CCSDS_ldpc_n256_k128_16qam_cuda-bp-osd_EbN0_2dB.log,history_throughput_ccsds_dvbs2,CCSDS,CCSDS_ldpc_n256_k128,LDPC,CCSDS,256,128,0.5,CUDA BP-OSD,16qam,2.0,5.01,2000.0,0.0,NA,NA,0.0,NA,5.12,333.35,NA,NA,258.82,5.45,NA,0.0593,2.8191,
E:\Codex\usrp_plt_1\build\uhd_cpp_gpu_pipeline\logs\throughput_all_ldpc_mcs_ebn0_0_2_16_20260524_161606\offline_gpu\CCSDS_ldpc_n256_k128_16qam_cuda-bp-osd_EbN0_4dB.log,history_throughput_ccsds_dvbs2,CCSDS,CCSDS_ldpc_n256_k128,LDPC,CCSDS,256,128,0.5,CUDA BP-OSD,16qam,4.0,7.01,2000.0,0.0,NA,NA,0.0,NA,5.1,332.05,NA,NA,263.72,5.43,NA,0.0582,2.8298,
E:\Codex\usrp_plt_1\build\uhd_cpp_gpu_pipeline\logs\throughput_all_ldpc_mcs_ebn0_0_2_16_20260524_161606\offline_gpu\CCSDS_ldpc_n256_k128_16qam_cuda-bp-osd_EbN0_6dB.log,history_throughput_ccsds_dvbs2,CCSDS,CCSDS_ldpc_n256_k128,LDPC,CCSDS,256,128,0.5,CUDA BP-OSD,16qam,6.0,9.01,2000.0,0.0,NA,NA,0.0,NA,11.74,764.21,NA,NA,273.73,13.35,NA,0.0561,1.1506,
E:\Codex\usrp_plt_1\build\uhd_cpp_gpu_pipeline\logs\throughput_all_ldpc_mcs_ebn0_0_2_16_20260524_161606\offline_gpu\CCSDS_ldpc_n256_k128_16qam_cuda-bp-osd_EbN0_8dB.log,history_throughput_ccsds_dvbs2,CCSDS,CCSDS_ldpc_n256_k128,LDPC,CCSDS,256,128,0.5,CUDA BP-OSD,16qam,8.0,11.01,2000.0,0.0,NA,NA,0.0,NA,54.34,3537.98,NA,NA,280.45,115.0,NA,0.0548,0.1336,
E:\Codex\usrp_plt_1\build\uhd_cpp_gpu_pipeline\logs\throughput_all_ldpc_mcs_ebn0_0_2_16_20260524_161606\offline_gpu\CCSDS_ldpc_n256_k128_16qam_cuda-bp-osd_EbN0_10dB.log,history_throughput_ccsds_dvbs2,CCSDS,CCSDS_ldpc_n256_k128,LDPC,CCSDS,256,128,0.5,CUDA BP-OSD,16qam,10.0,13.01,2000.0,0.0,NA,NA,0.0,NA,85.98,5597.96,NA,NA,281.55,556.46,NA,0.0546,0.0276,
E:\Codex\usrp_plt_1\build\uhd_cpp_gpu_pipeline\logs\throughput_all_ldpc_mcs_ebn0_0_2_16_20260524_161606\offline_gpu\CCSDS_ldpc_n256_k128_16qam_cuda-bp-osd_EbN0_12dB.log,history_throughput_ccsds_dvbs2,CCSDS,CCSDS_ldpc_n256_k128,LDPC,CCSDS,256,128,0.5,CUDA BP-OSD,16qam,12.0,15.01,2000.0,0.0,NA,NA,0.0,NA,87.7,5709.93,NA,NA,273.88,702.06,NA,0.0561,0.0219,
E:\Codex\usrp_plt_1\build\uhd_cpp_gpu_pipeline\logs\throughput_all_ldpc_mcs_ebn0_0_2_16_20260524_161606\offline_gpu\CCSDS_ldpc_n256_k128_16qam_cuda-bp-osd_EbN0_14dB.log,history_throughput_ccsds_dvbs2,CCSDS,CCSDS_ldpc_n256_k128,LDPC,CCSDS,256,128,0.5,CUDA BP-OSD,16qam,14.0,17.01,2000.0,0.0,NA,NA,0.0,NA,89.61,5833.91,NA,NA,274.44,785.21,NA,0.056,0.0196,
E:\Codex\usrp_plt_1\build\uhd_cpp_gpu_pipeline\logs\throughput_all_ldpc_mcs_ebn0_0_2_16_20260524_161606\offline_gpu\CCSDS_ldpc_n256_k128_16qam_cuda-bp-osd_EbN0_16dB.log,history_throughput_ccsds_dvbs2,CCSDS,CCSDS_ldpc_n256_k128,LDPC,CCSDS,256,128,0.5,CUDA BP-OSD,16qam,16.0,19.01,2000.0,0.0,NA,NA,0.0,NA,89.73,5841.73,NA,NA,274.16,769.87,NA,0.056,0.02,
E:\Codex\usrp_plt_1\build\uhd_cpp_gpu_pipeline\logs\throughput_all_ldpc_mcs_ebn0_0_2_16_20260524_161606\offline_gpu\CCSDS_ldpc_n256_k128_64qam_cuda-bp-osd_EbN0_0dB.log,history_throughput_ccsds_dvbs2,CCSDS,CCSDS_ldpc_n256_k128,LDPC,CCSDS,256,128,0.5,CUDA BP-OSD,64qam,0.0,4.77,2000.0,0.0,NA,NA,0.0,NA,5.49,238.45,NA,NA,163.87,5.92,NA,0.1406,3.8931,
E:\Codex\usrp_plt_1\build\uhd_cpp_gpu_pipeline\logs\throughput_all_ldpc_mcs_ebn0_0_2_16_20260524_161606\offline_gpu\CCSDS_ldpc_n256_k128_64qam_cuda-bp-osd_EbN0_2dB.log,history_throughput_ccsds_dvbs2,CCSDS,CCSDS_ldpc_n256_k128,LDPC,CCSDS,256,128,0.5,CUDA BP-OSD,64qam,2.0,6.77,2000.0,0.0,NA,NA,0.0,NA,5.51,238.99,NA,NA,172.48,5.91,NA,0.1336,3.8956,
E:\Codex\usrp_plt_1\build\uhd_cpp_gpu_pipeline\logs\throughput_all_ldpc_mcs_ebn0_0_2_16_20260524_161606\offline_gpu\CCSDS_ldpc_n256_k128_64qam_cuda-bp-osd_EbN0_4dB.log,history_throughput_ccsds_dvbs2,CCSDS,CCSDS_ldpc_n256_k128,LDPC,CCSDS,256,128,0.5,CUDA BP-OSD,64qam,4.0,8.77,2000.0,0.0,NA,NA,0.0,NA,5.52,239.4,NA,NA,171.79,5.92,NA,0.1341,3.8906,
E:\Codex\usrp_plt_1\build\uhd_cpp_gpu_pipeline\logs\throughput_all_ldpc_mcs_ebn0_0_2_16_20260524_161606\offline_gpu\CCSDS_ldpc_n256_k128_64qam_cuda-bp-osd_EbN0_6dB.log,history_throughput_ccsds_dvbs2,CCSDS,CCSDS_ldpc_n256_k128,LDPC,CCSDS,256,128,0.5,CUDA BP-OSD,64qam,6.0,10.77,2000.0,0.0,NA,NA,0.0,NA,5.35,232.14,NA,NA,155.81,5.77,NA,0.1479,3.9914,
E:\Codex\usrp_plt_1\build\uhd_cpp_gpu_pipeline\logs\throughput_all_ldpc_mcs_ebn0_0_2_16_20260524_161606\offline_gpu\CCSDS_ldpc_n256_k128_64qam_cuda-bp-osd_EbN0_8dB.log,history_throughput_ccsds_dvbs2,CCSDS,CCSDS_ldpc_n256_k128,LDPC,CCSDS,256,128,0.5,CUDA BP-OSD,64qam,8.0,12.77,2000.0,0.0,NA,NA,0.0,NA,8.1,351.63,NA,NA,173.72,9.01,NA,0.1326,2.5576,
E:\Codex\usrp_plt_1\build\uhd_cpp_gpu_pipeline\logs\throughput_all_ldpc_mcs_ebn0_0_2_16_20260524_161606\offline_gpu\CCSDS_ldpc_n256_k128_64qam_cuda-bp-osd_EbN0_10dB.log,history_throughput_ccsds_dvbs2,CCSDS,CCSDS_ldpc_n256_k128,LDPC,CCSDS,256,128,0.5,CUDA BP-OSD,64qam,10.0,14.77,2000.0,0.0,NA,NA,0.0,NA,28.74,1247.48,NA,NA,174.97,42.68,NA,0.1317,0.5398,
E:\Codex\usrp_plt_1\build\uhd_cpp_gpu_pipeline\logs\throughput_all_ldpc_mcs_ebn0_0_2_16_20260524_161606\offline_gpu\CCSDS_ldpc_n256_k128_64qam_cuda-bp-osd_EbN0_12dB.log,history_throughput_ccsds_dvbs2,CCSDS,CCSDS_ldpc_n256_k128,LDPC,CCSDS,256,128,0.5,CUDA BP-OSD,64qam,12.0,16.77,2000.0,0.0,NA,NA,0.0,NA,71.69,3111.42,NA,NA,173.49,460.71,NA,0.1328,0.05,
E:\Codex\usrp_plt_1\build\uhd_cpp_gpu_pipeline\logs\throughput_all_ldpc_mcs_ebn0_0_2_16_20260524_161606\offline_gpu\CCSDS_ldpc_n256_k128_64qam_cuda-bp-osd_EbN0_14dB.log,history_throughput_ccsds_dvbs2,CCSDS,CCSDS_ldpc_n256_k128,LDPC,CCSDS,256,128,0.5,CUDA BP-OSD,64qam,14.0,18.77,2000.0,0.0,NA,NA,0.0,NA,74.28,3223.89,NA,NA,174.19,595.02,NA,0.1323,0.0387,
E:\Codex\usrp_plt_1\build\uhd_cpp_gpu_pipeline\logs\throughput_all_ldpc_mcs_ebn0_0_2_16_20260524_161606\offline_gpu\CCSDS_ldpc_n256_k128_64qam_cuda-bp-osd_EbN0_16dB.log,history_throughput_ccsds_dvbs2,CCSDS,CCSDS_ldpc_n256_k128,LDPC,CCSDS,256,128,0.5,CUDA BP-OSD,64qam,16.0,20.77,2000.0,0.0,NA,NA,0.0,NA,79.78,3462.72,NA,NA,176.02,771.46,NA,0.1309,0.0299,
E:\Codex\usrp_plt_1\build\uhd_cpp_gpu_pipeline\logs\throughput_all_ldpc_mcs_ebn0_0_2_16_20260524_161606\offline_gpu\CCSDS_ldpc_n512_k256_bpsk_cuda-bp_EbN0_0dB.log,history_throughput_ccsds_dvbs2,CCSDS,CCSDS_ldpc_n512_k256,LDPC,CCSDS,512,256,0.5,CUDA BP,bpsk,0.0,-3.01,2000.0,2000.0,NA,NA,1.0,NA,0.0,156.45,NA,NA,74.87,0.61,NA,0.0513,6.2566,
E:\Codex\usrp_plt_1\build\uhd_cpp_gpu_pipeline\logs\throughput_all_ldpc_mcs_ebn0_0_2_16_20260524_161606\offline_gpu\CCSDS_ldpc_n512_k256_bpsk_cuda-bp_EbN0_2dB.log,history_throughput_ccsds_dvbs2,CCSDS,CCSDS_ldpc_n512_k256,LDPC,CCSDS,512,256,0.5,CUDA BP,bpsk,2.0,-1.01,2000.0,2000.0,NA,NA,1.0,NA,0.0,150.82,NA,NA,75.66,0.59,NA,0.0508,6.4994,
E:\Codex\usrp_plt_1\build\uhd_cpp_gpu_pipeline\logs\throughput_all_ldpc_mcs_ebn0_0_2_16_20260524_161606\offline_gpu\CCSDS_ldpc_n512_k256_bpsk_cuda-bp_EbN0_4dB.log,history_throughput_ccsds_dvbs2,CCSDS,CCSDS_ldpc_n512_k256,LDPC,CCSDS,512,256,0.5,CUDA BP,bpsk,4.0,0.99,2000.0,0.0,NA,NA,0.0,NA,7.98,2078.86,NA,NA,86.83,10.27,NA,0.0442,0.3738,
E:\Codex\usrp_plt_1\build\uhd_cpp_gpu_pipeline\logs\throughput_all_ldpc_mcs_ebn0_0_2_16_20260524_161606\offline_gpu\CCSDS_ldpc_n512_k256_bpsk_cuda-bp_EbN0_6dB.log,history_throughput_ccsds_dvbs2,CCSDS,CCSDS_ldpc_n512_k256,LDPC,CCSDS,512,256,0.5,CUDA BP,bpsk,6.0,2.99,2000.0,0.0,NA,NA,0.0,NA,11.18,2912.14,NA,NA,86.61,16.2,NA,0.0443,0.237,
E:\Codex\usrp_plt_1\build\uhd_cpp_gpu_pipeline\logs\throughput_all_ldpc_mcs_ebn0_0_2_16_20260524_161606\offline_gpu\CCSDS_ldpc_n512_k256_bpsk_cuda-bp_EbN0_8dB.log,history_throughput_ccsds_dvbs2,CCSDS,CCSDS_ldpc_n512_k256,LDPC,CCSDS,512,256,0.5,CUDA BP,bpsk,8.0,4.99,2000.0,0.0,NA,NA,0.0,NA,11.67,3038.8,NA,NA,75.41,18.9,NA,0.0509,0.2032,
E:\Codex\usrp_plt_1\build\uhd_cpp_gpu_pipeline\logs\throughput_all_ldpc_mcs_ebn0_0_2_16_20260524_161606\offline_gpu\CCSDS_ldpc_n512_k256_bpsk_cuda-bp_EbN0_10dB.log,history_throughput_ccsds_dvbs2,CCSDS,CCSDS_ldpc_n512_k256,LDPC,CCSDS,512,256,0.5,CUDA BP,bpsk,10.0,6.99,2000.0,0.0,NA,NA,0.0,NA,12.32,3207.98,NA,NA,80.98,19.43,NA,0.0474,0.1977,
E:\Codex\usrp_plt_1\build\uhd_cpp_gpu_pipeline\logs\throughput_all_ldpc_mcs_ebn0_0_2_16_20260524_161606\offline_gpu\CCSDS_ldpc_n512_k256_bpsk_cuda-bp_EbN0_12dB.log,history_throughput_ccsds_dvbs2,CCSDS,CCSDS_ldpc_n512_k256,LDPC,CCSDS,512,256,0.5,CUDA BP,bpsk,12.0,8.99,2000.0,0.0,NA,NA,0.0,NA,11.91,3102.39,NA,NA,77.56,18.79,NA,0.0495,0.2044,
E:\Codex\usrp_plt_1\build\uhd_cpp_gpu_pipeline\logs\throughput_all_ldpc_mcs_ebn0_0_2_16_20260524_161606\offline_gpu\CCSDS_ldpc_n512_k256_bpsk_cuda-bp_EbN0_14dB.log,history_throughput_ccsds_dvbs2,CCSDS,CCSDS_ldpc_n512_k256,LDPC,CCSDS,512,256,0.5,CUDA BP,bpsk,14.0,10.99,2000.0,0.0,NA,NA,0.0,NA,12.48,3251.22,NA,NA,82.07,19.69,NA,0.0468,0.195,
E:\Codex\usrp_plt_1\build\uhd_cpp_gpu_pipeline\logs\throughput_all_ldpc_mcs_ebn0_0_2_16_20260524_161606\offline_gpu\CCSDS_ldpc_n512_k256_bpsk_cuda-bp_EbN0_16dB.log,history_throughput_ccsds_dvbs2,CCSDS,CCSDS_ldpc_n512_k256,LDPC,CCSDS,512,256,0.5,CUDA BP,bpsk,16.0,12.99,2000.0,0.0,NA,NA,0.0,NA,12.87,3350.6,NA,NA,84.84,20.14,NA,0.0453,0.1906,
E:\Codex\usrp_plt_1\build\uhd_cpp_gpu_pipeline\logs\throughput_all_ldpc_mcs_ebn0_0_2_16_20260524_161606\offline_gpu\CCSDS_ldpc_n512_k256_qpsk_cuda-bp_EbN0_0dB.log,history_throughput_ccsds_dvbs2,CCSDS,CCSDS_ldpc_n512_k256,LDPC,CCSDS,512,256,0.5,CUDA BP,qpsk,0.0,0.0,2000.0,2000.0,NA,NA,1.0,NA,0.0,143.05,NA,NA,150.25,1.12,NA,0.0511,6.843,
E:\Codex\usrp_plt_1\build\uhd_cpp_gpu_pipeline\logs\throughput_all_ldpc_mcs_ebn0_0_2_16_20260524_161606\offline_gpu\CCSDS_ldpc_n512_k256_qpsk_cuda-bp_EbN0_2dB.log,history_throughput_ccsds_dvbs2,CCSDS,CCSDS_ldpc_n512_k256,LDPC,CCSDS,512,256,0.5,CUDA BP,qpsk,2.0,2.0,2000.0,2000.0,NA,NA,1.0,NA,0.0,145.65,NA,NA,149.52,1.14,NA,0.0514,6.7185,
E:\Codex\usrp_plt_1\build\uhd_cpp_gpu_pipeline\logs\throughput_all_ldpc_mcs_ebn0_0_2_16_20260524_161606\offline_gpu\CCSDS_ldpc_n512_k256_qpsk_cuda-bp_EbN0_4dB.log,history_throughput_ccsds_dvbs2,CCSDS,CCSDS_ldpc_n512_k256,LDPC,CCSDS,512,256,0.5,CUDA BP,qpsk,4.0,4.0,2000.0,1.0,NA,NA,0.0005,NA,14.43,1880.12,NA,NA,172.53,18.36,NA,0.0445,0.4183,
E:\Codex\usrp_plt_1\build\uhd_cpp_gpu_pipeline\logs\throughput_all_ldpc_mcs_ebn0_0_2_16_20260524_161606\offline_gpu\CCSDS_ldpc_n512_k256_qpsk_cuda-bp_EbN0_6dB.log,history_throughput_ccsds_dvbs2,CCSDS,CCSDS_ldpc_n512_k256,LDPC,CCSDS,512,256,0.5,CUDA BP,qpsk,6.0,6.0,2000.0,0.0,NA,NA,0.0,NA,20.13,2620.68,NA,NA,171.45,28.66,NA,0.0448,0.2679,
E:\Codex\usrp_plt_1\build\uhd_cpp_gpu_pipeline\logs\throughput_all_ldpc_mcs_ebn0_0_2_16_20260524_161606\offline_gpu\CCSDS_ldpc_n512_k256_qpsk_cuda-bp_EbN0_8dB.log,history_throughput_ccsds_dvbs2,CCSDS,CCSDS_ldpc_n512_k256,LDPC,CCSDS,512,256,0.5,CUDA BP,qpsk,8.0,8.0,2000.0,0.0,NA,NA,0.0,NA,25.06,3263.09,NA,NA,171.59,39.82,NA,0.0448,0.1929,
E:\Codex\usrp_plt_1\build\uhd_cpp_gpu_pipeline\logs\throughput_all_ldpc_mcs_ebn0_0_2_16_20260524_161606\offline_gpu\CCSDS_ldpc_n512_k256_qpsk_cuda-bp_EbN0_10dB.log,history_throughput_ccsds_dvbs2,CCSDS,CCSDS_ldpc_n512_k256,LDPC,CCSDS,512,256,0.5,CUDA BP,qpsk,10.0,10.0,2000.0,0.0,NA,NA,0.0,NA,26.11,3399.74,NA,NA,171.55,42.98,NA,0.0448,0.1787,
E:\Codex\usrp_plt_1\build\uhd_cpp_gpu_pipeline\logs\throughput_all_ldpc_mcs_ebn0_0_2_16_20260524_161606\offline_gpu\CCSDS_ldpc_n512_k256_qpsk_cuda-bp_EbN0_12dB.log,history_throughput_ccsds_dvbs2,CCSDS,CCSDS_ldpc_n512_k256,LDPC,CCSDS,512,256,0.5,CUDA BP,qpsk,12.0,12.0,2000.0,0.0,NA,NA,0.0,NA,25.11,3269.07,NA,NA,170.85,40.43,NA,0.045,0.19,
E:\Codex\usrp_plt_1\build\uhd_cpp_gpu_pipeline\logs\throughput_all_ldpc_mcs_ebn0_0_2_16_20260524_161606\offline_gpu\CCSDS_ldpc_n512_k256_qpsk_cuda-bp_EbN0_14dB.log,history_throughput_ccsds_dvbs2,CCSDS,CCSDS_ldpc_n512_k256,LDPC,CCSDS,512,256,0.5,CUDA BP,qpsk,14.0,14.0,2000.0,0.0,NA,NA,0.0,NA,25.69,3344.9,NA,NA,171.53,42.05,NA,0.0448,0.1827,
E:\Codex\usrp_plt_1\build\uhd_cpp_gpu_pipeline\logs\throughput_all_ldpc_mcs_ebn0_0_2_16_20260524_161606\offline_gpu\CCSDS_ldpc_n512_k256_qpsk_cuda-bp_EbN0_16dB.log,history_throughput_ccsds_dvbs2,CCSDS,CCSDS_ldpc_n512_k256,LDPC,CCSDS,512,256,0.5,CUDA BP,qpsk,16.0,16.0,2000.0,0.0,NA,NA,0.0,NA,25.41,3308.9,NA,NA,170.43,41.34,NA,0.0451,0.1858,
E:\Codex\usrp_plt_1\build\uhd_cpp_gpu_pipeline\logs\throughput_all_ldpc_mcs_ebn0_0_2_16_20260524_161606\offline_gpu\CCSDS_ldpc_n512_k256_16qam_cuda-bp_EbN0_0dB.log,history_throughput_ccsds_dvbs2,CCSDS,CCSDS_ldpc_n512_k256,LDPC,CCSDS,512,256,0.5,CUDA BP,16qam,0.0,3.01,2000.0,2000.0,NA,NA,1.0,NA,0.0,139.82,NA,NA,257.15,2.2,NA,0.0597,6.9796,
E:\Codex\usrp_plt_1\build\uhd_cpp_gpu_pipeline\logs\throughput_all_ldpc_mcs_ebn0_0_2_16_20260524_161606\offline_gpu\CCSDS_ldpc_n512_k256_16qam_cuda-bp_EbN0_2dB.log,history_throughput_ccsds_dvbs2,CCSDS,CCSDS_ldpc_n512_k256,LDPC,CCSDS,512,256,0.5,CUDA BP,16qam,2.0,5.01,2000.0,2000.0,NA,NA,1.0,NA,0.0,140.06,NA,NA,256.25,2.2,NA,0.0599,6.968,
E:\Codex\usrp_plt_1\build\uhd_cpp_gpu_pipeline\logs\throughput_all_ldpc_mcs_ebn0_0_2_16_20260524_161606\offline_gpu\CCSDS_ldpc_n512_k256_16qam_cuda-bp_EbN0_4dB.log,history_throughput_ccsds_dvbs2,CCSDS,CCSDS_ldpc_n512_k256,LDPC,CCSDS,512,256,0.5,CUDA BP,16qam,4.0,7.01,2000.0,2000.0,NA,NA,1.0,NA,0.0,140.64,NA,NA,254.07,2.21,NA,0.0605,6.9355,
E:\Codex\usrp_plt_1\build\uhd_cpp_gpu_pipeline\logs\throughput_all_ldpc_mcs_ebn0_0_2_16_20260524_161606\offline_gpu\CCSDS_ldpc_n512_k256_16qam_cuda-bp_EbN0_6dB.log,history_throughput_ccsds_dvbs2,CCSDS,CCSDS_ldpc_n512_k256,LDPC,CCSDS,512,256,0.5,CUDA BP,16qam,6.0,9.01,2000.0,2000.0,NA,NA,1.0,NA,0.0,142.78,NA,NA,252.1,2.25,NA,0.0609,6.8285,
E:\Codex\usrp_plt_1\build\uhd_cpp_gpu_pipeline\logs\throughput_all_ldpc_mcs_ebn0_0_2_16_20260524_161606\offline_gpu\CCSDS_ldpc_n512_k256_16qam_cuda-bp_EbN0_8dB.log,history_throughput_ccsds_dvbs2,CCSDS,CCSDS_ldpc_n512_k256,LDPC,CCSDS,512,256,0.5,CUDA BP,16qam,8.0,11.01,2000.0,0.0,NA,NA,0.0,NA,29.16,1898.34,NA,NA,284.53,39.65,NA,0.054,0.3874,
E:\Codex\usrp_plt_1\build\uhd_cpp_gpu_pipeline\logs\throughput_all_ldpc_mcs_ebn0_0_2_16_20260524_161606\offline_gpu\CCSDS_ldpc_n512_k256_16qam_cuda-bp_EbN0_10dB.log,history_throughput_ccsds_dvbs2,CCSDS,CCSDS_ldpc_n512_k256,LDPC,CCSDS,512,256,0.5,CUDA BP,16qam,10.0,13.01,2000.0,0.0,NA,NA,0.0,NA,37.11,2415.79,NA,NA,283.76,55.78,NA,0.0541,0.2754,
E:\Codex\usrp_plt_1\build\uhd_cpp_gpu_pipeline\logs\throughput_all_ldpc_mcs_ebn0_0_2_16_20260524_161606\offline_gpu\CCSDS_ldpc_n512_k256_16qam_cuda-bp_EbN0_12dB.log,history_throughput_ccsds_dvbs2,CCSDS,CCSDS_ldpc_n512_k256,LDPC,CCSDS,512,256,0.5,CUDA BP,16qam,12.0,15.01,2000.0,0.0,NA,NA,0.0,NA,46.06,2998.93,NA,NA,287.37,79.02,NA,0.0534,0.1944,
E:\Codex\usrp_plt_1\build\uhd_cpp_gpu_pipeline\logs\throughput_all_ldpc_mcs_ebn0_0_2_16_20260524_161606\offline_gpu\CCSDS_ldpc_n512_k256_16qam_cuda-bp_EbN0_14dB.log,history_throughput_ccsds_dvbs2,CCSDS,CCSDS_ldpc_n512_k256,LDPC,CCSDS,512,256,0.5,CUDA BP,16qam,14.0,17.01,2000.0,0.0,NA,NA,0.0,NA,47.3,3079.49,NA,NA,283.82,82.81,NA,0.0541,0.1855,
E:\Codex\usrp_plt_1\build\uhd_cpp_gpu_pipeline\logs\throughput_all_ldpc_mcs_ebn0_0_2_16_20260524_161606\offline_gpu\CCSDS_ldpc_n512_k256_16qam_cuda-bp_EbN0_16dB.log,history_throughput_ccsds_dvbs2,CCSDS,CCSDS_ldpc_n512_k256,LDPC,CCSDS,512,256,0.5,CUDA BP,16qam,16.0,19.01,2000.0,0.0,NA,NA,0.0,NA,45.91,2988.78,NA,NA,284.66,78.76,NA,0.054,0.195,
E:\Codex\usrp_plt_1\build\uhd_cpp_gpu_pipeline\logs\throughput_all_ldpc_mcs_ebn0_0_2_16_20260524_161606\offline_gpu\CCSDS_ldpc_n512_k256_64qam_cuda-bp_EbN0_0dB.log,history_throughput_ccsds_dvbs2,CCSDS,CCSDS_ldpc_n512_k256,LDPC,CCSDS,512,256,0.5,CUDA BP,64qam,0.0,4.77,2000.0,2000.0,NA,NA,1.0,NA,0.0,138.07,NA,NA,171.53,3.31,NA,0.1343,6.9703,
E:\Codex\usrp_plt_1\build\uhd_cpp_gpu_pipeline\logs\throughput_all_ldpc_mcs_ebn0_0_2_16_20260524_161606\offline_gpu\CCSDS_ldpc_n512_k256_64qam_cuda-bp_EbN0_2dB.log,history_throughput_ccsds_dvbs2,CCSDS,CCSDS_ldpc_n512_k256,LDPC,CCSDS,512,256,0.5,CUDA BP,64qam,2.0,6.77,2000.0,2000.0,NA,NA,1.0,NA,0.0,133.65,NA,NA,166.48,3.2,NA,0.1384,7.1986,
E:\Codex\usrp_plt_1\build\uhd_cpp_gpu_pipeline\logs\throughput_all_ldpc_mcs_ebn0_0_2_16_20260524_161606\offline_gpu\CCSDS_ldpc_n512_k256_64qam_cuda-bp_EbN0_4dB.log,history_throughput_ccsds_dvbs2,CCSDS,CCSDS_ldpc_n512_k256,LDPC,CCSDS,512,256,0.5,CUDA BP,64qam,4.0,8.77,2000.0,2000.0,NA,NA,1.0,NA,0.0,134.68,NA,NA,165.32,3.23,NA,0.1394,7.1362,
E:\Codex\usrp_plt_1\build\uhd_cpp_gpu_pipeline\logs\throughput_all_ldpc_mcs_ebn0_0_2_16_20260524_161606\offline_gpu\CCSDS_ldpc_n512_k256_64qam_cuda-bp_EbN0_6dB.log,history_throughput_ccsds_dvbs2,CCSDS,CCSDS_ldpc_n512_k256,LDPC,CCSDS,512,256,0.5,CUDA BP,64qam,6.0,10.77,2000.0,2000.0,NA,NA,1.0,NA,0.0,133.56,NA,NA,161.0,3.2,NA,0.1431,7.1924,
E:\Codex\usrp_plt_1\build\uhd_cpp_gpu_pipeline\logs\throughput_all_ldpc_mcs_ebn0_0_2_16_20260524_161606\offline_gpu\CCSDS_ldpc_n512_k256_64qam_cuda-bp_EbN0_8dB.log,history_throughput_ccsds_dvbs2,CCSDS,CCSDS_ldpc_n512_k256,LDPC,CCSDS,512,256,0.5,CUDA BP,64qam,8.0,12.77,2000.0,2000.0,NA,NA,1.0,NA,0.0,130.64,NA,NA,161.33,3.13,NA,0.1428,7.3612,
E:\Codex\usrp_plt_1\build\uhd_cpp_gpu_pipeline\logs\throughput_all_ldpc_mcs_ebn0_0_2_16_20260524_161606\offline_gpu\CCSDS_ldpc_n512_k256_64qam_cuda-bp_EbN0_10dB.log,history_throughput_ccsds_dvbs2,CCSDS,CCSDS_ldpc_n512_k256,LDPC,CCSDS,512,256,0.5,CUDA BP,64qam,10.0,14.77,2000.0,26.0,NA,NA,0.013,NA,18.25,802.33,NA,NA,178.42,22.84,NA,0.1291,1.009,
E:\Codex\usrp_plt_1\build\uhd_cpp_gpu_pipeline\logs\throughput_all_ldpc_mcs_ebn0_0_2_16_20260524_161606\offline_gpu\CCSDS_ldpc_n512_k256_64qam_cuda-bp_EbN0_12dB.log,history_throughput_ccsds_dvbs2,CCSDS,CCSDS_ldpc_n512_k256,LDPC,CCSDS,512,256,0.5,CUDA BP,64qam,12.0,16.77,2000.0,0.0,NA,NA,0.0,NA,40.01,1736.65,NA,NA,178.94,67.8,NA,0.1288,0.3398,
E:\Codex\usrp_plt_1\build\uhd_cpp_gpu_pipeline\logs\throughput_all_ldpc_mcs_ebn0_0_2_16_20260524_161606\offline_gpu\CCSDS_ldpc_n512_k256_64qam_cuda-bp_EbN0_14dB.log,history_throughput_ccsds_dvbs2,CCSDS,CCSDS_ldpc_n512_k256,LDPC,CCSDS,512,256,0.5,CUDA BP,64qam,14.0,18.77,2000.0,0.0,NA,NA,0.0,NA,42.44,1841.98,NA,NA,177.06,76.15,NA,0.1301,0.3026,
E:\Codex\usrp_plt_1\build\uhd_cpp_gpu_pipeline\logs\throughput_all_ldpc_mcs_ebn0_0_2_16_20260524_161606\offline_gpu\CCSDS_ldpc_n512_k256_64qam_cuda-bp_EbN0_16dB.log,history_throughput_ccsds_dvbs2,CCSDS,CCSDS_ldpc_n512_k256,LDPC,CCSDS,512,256,0.5,CUDA BP,64qam,16.0,20.77,2000.0,0.0,NA,NA,0.0,NA,51.07,2216.63,NA,NA,178.75,107.52,NA,0.1289,0.2143,
E:\Codex\usrp_plt_1\build\uhd_cpp_gpu_pipeline\logs\throughput_all_ldpc_mcs_ebn0_0_2_16_20260524_161606\offline_gpu\DVB_S2_N64800_R12_bpsk_cuda-bp_EbN0_0dB.log,history_throughput_ccsds_dvbs2,DVB-S2,DVB_S2_N64800_R12,LDPC,DVB-S2,64800,32400,0.5,CUDA BP,bpsk,0.0,-3.01,2000.0,2000.0,NA,NA,1.0,NA,0.0,71.91,NA,NA,602.74,2.43,NA,0.0538,13.3592,
E:\Codex\usrp_plt_1\build\uhd_cpp_gpu_pipeline\logs\throughput_all_ldpc_mcs_ebn0_0_2_16_20260524_161606\offline_gpu\DVB_S2_N64800_R12_bpsk_cuda-bp_EbN0_2dB.log,history_throughput_ccsds_dvbs2,DVB-S2,DVB_S2_N64800_R12,LDPC,DVB-S2,64800,32400,0.5,CUDA BP,bpsk,2.0,-1.01,2000.0,0.0,NA,NA,0.0,NA,12.67,391.05,NA,NA,654.4,15.69,NA,0.0495,2.0652,
E:\Codex\usrp_plt_1\build\uhd_cpp_gpu_pipeline\logs\throughput_all_ldpc_mcs_ebn0_0_2_16_20260524_161606\offline_gpu\DVB_S2_N64800_R12_bpsk_cuda-bp_EbN0_4dB.log,history_throughput_ccsds_dvbs2,DVB-S2,DVB_S2_N64800_R12,LDPC,DVB-S2,64800,32400,0.5,CUDA BP,bpsk,4.0,0.99,2000.0,0.0,NA,NA,0.0,NA,21.98,678.41,NA,NA,678.2,32.34,NA,0.0478,1.0019,
E:\Codex\usrp_plt_1\build\uhd_cpp_gpu_pipeline\logs\throughput_all_ldpc_mcs_ebn0_0_2_16_20260524_161606\offline_gpu\DVB_S2_N64800_R12_bpsk_cuda-bp_EbN0_6dB.log,history_throughput_ccsds_dvbs2,DVB-S2,DVB_S2_N64800_R12,LDPC,DVB-S2,64800,32400,0.5,CUDA BP,bpsk,6.0,2.99,2000.0,0.0,NA,NA,0.0,NA,28.91,892.24,NA,NA,702.37,49.02,NA,0.0461,0.661,
E:\Codex\usrp_plt_1\build\uhd_cpp_gpu_pipeline\logs\throughput_all_ldpc_mcs_ebn0_0_2_16_20260524_161606\offline_gpu\DVB_S2_N64800_R12_bpsk_cuda-bp_EbN0_8dB.log,history_throughput_ccsds_dvbs2,DVB-S2,DVB_S2_N64800_R12,LDPC,DVB-S2,64800,32400,0.5,CUDA BP,bpsk,8.0,4.99,2000.0,0.0,NA,NA,0.0,NA,33.06,1020.46,NA,NA,707.75,62.42,NA,0.0458,0.5191,
E:\Codex\usrp_plt_1\build\uhd_cpp_gpu_pipeline\logs\throughput_all_ldpc_mcs_ebn0_0_2_16_20260524_161606\offline_gpu\DVB_S2_N64800_R12_bpsk_cuda-bp_EbN0_10dB.log,history_throughput_ccsds_dvbs2,DVB-S2,DVB_S2_N64800_R12,LDPC,DVB-S2,64800,32400,0.5,CUDA BP,bpsk,10.0,6.99,2000.0,0.0,NA,NA,0.0,NA,37.39,1154.1,NA,NA,715.29,79.32,NA,0.0453,0.4085,
E:\Codex\usrp_plt_1\build\uhd_cpp_gpu_pipeline\logs\throughput_all_ldpc_mcs_ebn0_0_2_16_20260524_161606\offline_gpu\DVB_S2_N64800_R12_bpsk_cuda-bp_EbN0_12dB.log,history_throughput_ccsds_dvbs2,DVB-S2,DVB_S2_N64800_R12,LDPC,DVB-S2,64800,32400,0.5,CUDA BP,bpsk,12.0,8.99,2000.0,0.0,NA,NA,0.0,NA,37.62,1161.24,NA,NA,728.94,80.13,NA,0.0444,0.4044,
E:\Codex\usrp_plt_1\build\uhd_cpp_gpu_pipeline\logs\throughput_all_ldpc_mcs_ebn0_0_2_16_20260524_161606\offline_gpu\DVB_S2_N64800_R12_bpsk_cuda-bp_EbN0_14dB.log,history_throughput_ccsds_dvbs2,DVB-S2,DVB_S2_N64800_R12,LDPC,DVB-S2,64800,32400,0.5,CUDA BP,bpsk,14.0,10.99,2000.0,0.0,NA,NA,0.0,NA,37.39,1154.09,NA,NA,716.51,79.89,NA,0.0452,0.4056,
E:\Codex\usrp_plt_1\build\uhd_cpp_gpu_pipeline\logs\throughput_all_ldpc_mcs_ebn0_0_2_16_20260524_161606\offline_gpu\DVB_S2_N64800_R12_bpsk_cuda-bp_EbN0_16dB.log,history_throughput_ccsds_dvbs2,DVB-S2,DVB_S2_N64800_R12,LDPC,DVB-S2,64800,32400,0.5,CUDA BP,bpsk,16.0,12.99,2000.0,0.0,NA,NA,0.0,NA,37.21,1148.33,NA,NA,706.76,79.35,NA,0.0458,0.4083,
E:\Codex\usrp_plt_1\build\uhd_cpp_gpu_pipeline\logs\throughput_all_ldpc_mcs_ebn0_0_2_16_20260524_161606\offline_gpu\DVB_S2_N64800_R12_qpsk_cuda-bp_EbN0_0dB.log,history_throughput_ccsds_dvbs2,DVB-S2,DVB_S2_N64800_R12,LDPC,DVB-S2,64800,32400,0.5,CUDA BP,qpsk,0.0,0.0,2000.0,2000.0,NA,NA,1.0,NA,0.0,62.92,NA,NA,1040.43,4.27,NA,0.0623,15.1627,
E:\Codex\usrp_plt_1\build\uhd_cpp_gpu_pipeline\logs\throughput_all_ldpc_mcs_ebn0_0_2_16_20260524_161606\offline_gpu\DVB_S2_N64800_R12_qpsk_cuda-bp_EbN0_2dB.log,history_throughput_ccsds_dvbs2,DVB-S2,DVB_S2_N64800_R12,LDPC,DVB-S2,64800,32400,0.5,CUDA BP,qpsk,2.0,2.0,2000.0,0.0,NA,NA,0.0,NA,20.02,308.99,NA,NA,1156.35,25.45,NA,0.056,2.5458,
E:\Codex\usrp_plt_1\build\uhd_cpp_gpu_pipeline\logs\throughput_all_ldpc_mcs_ebn0_0_2_16_20260524_161606\offline_gpu\DVB_S2_N64800_R12_qpsk_cuda-bp_EbN0_4dB.log,history_throughput_ccsds_dvbs2,DVB-S2,DVB_S2_N64800_R12,LDPC,DVB-S2,64800,32400,0.5,CUDA BP,qpsk,4.0,4.0,2000.0,0.0,NA,NA,0.0,NA,33.15,511.51,NA,NA,1174.32,49.88,NA,0.0552,1.2991,
E:\Codex\usrp_plt_1\build\uhd_cpp_gpu_pipeline\logs\throughput_all_ldpc_mcs_ebn0_0_2_16_20260524_161606\offline_gpu\DVB_S2_N64800_R12_qpsk_cuda-bp_EbN0_6dB.log,history_throughput_ccsds_dvbs2,DVB-S2,DVB_S2_N64800_R12,LDPC,DVB-S2,64800,32400,0.5,CUDA BP,qpsk,6.0,6.0,2000.0,0.0,NA,NA,0.0,NA,43.88,677.16,NA,NA,1238.54,77.2,NA,0.0523,0.8394,
E:\Codex\usrp_plt_1\build\uhd_cpp_gpu_pipeline\logs\throughput_all_ldpc_mcs_ebn0_0_2_16_20260524_161606\offline_gpu\DVB_S2_N64800_R12_qpsk_cuda-bp_EbN0_8dB.log,history_throughput_ccsds_dvbs2,DVB-S2,DVB_S2_N64800_R12,LDPC,DVB-S2,64800,32400,0.5,CUDA BP,qpsk,8.0,8.0,2000.0,0.0,NA,NA,0.0,NA,49.51,763.99,NA,NA,1246.25,94.62,NA,0.052,0.6848,
E:\Codex\usrp_plt_1\build\uhd_cpp_gpu_pipeline\logs\throughput_all_ldpc_mcs_ebn0_0_2_16_20260524_161606\offline_gpu\DVB_S2_N64800_R12_qpsk_cuda-bp_EbN0_10dB.log,history_throughput_ccsds_dvbs2,DVB-S2,DVB_S2_N64800_R12,LDPC,DVB-S2,64800,32400,0.5,CUDA BP,qpsk,10.0,10.0,2000.0,0.0,NA,NA,0.0,NA,57.97,894.64,NA,NA,1281.96,129.51,NA,0.0505,0.5004,
E:\Codex\usrp_plt_1\build\uhd_cpp_gpu_pipeline\logs\throughput_all_ldpc_mcs_ebn0_0_2_16_20260524_161606\offline_gpu\DVB_S2_N64800_R12_qpsk_cuda-bp_EbN0_12dB.log,history_throughput_ccsds_dvbs2,DVB-S2,DVB_S2_N64800_R12,LDPC,DVB-S2,64800,32400,0.5,CUDA BP,qpsk,12.0,12.0,2000.0,0.0,NA,NA,0.0,NA,58.19,898.03,NA,NA,1296.53,131.16,NA,0.05,0.494,
E:\Codex\usrp_plt_1\build\uhd_cpp_gpu_pipeline\logs\throughput_all_ldpc_mcs_ebn0_0_2_16_20260524_161606\offline_gpu\DVB_S2_N64800_R12_qpsk_cuda-bp_EbN0_14dB.log,history_throughput_ccsds_dvbs2,DVB-S2,DVB_S2_N64800_R12,LDPC,DVB-S2,64800,32400,0.5,CUDA BP,qpsk,14.0,14.0,2000.0,0.0,NA,NA,0.0,NA,57.92,893.77,NA,NA,1250.06,129.39,NA,0.0518,0.5008,
E:\Codex\usrp_plt_1\build\uhd_cpp_gpu_pipeline\logs\throughput_all_ldpc_mcs_ebn0_0_2_16_20260524_161606\offline_gpu\DVB_S2_N64800_R12_qpsk_cuda-bp_EbN0_16dB.log,history_throughput_ccsds_dvbs2,DVB-S2,DVB_S2_N64800_R12,LDPC,DVB-S2,64800,32400,0.5,CUDA BP,qpsk,16.0,16.0,2000.0,0.0,NA,NA,0.0,NA,58.24,898.72,NA,NA,1211.72,130.88,NA,0.0535,0.4951,
E:\Codex\usrp_plt_1\build\uhd_cpp_gpu_pipeline\logs\throughput_all_ldpc_mcs_ebn0_0_2_16_20260524_161606\offline_gpu\DVB_S2_N64800_R12_16qam_cuda-bp_EbN0_0dB.log,history_throughput_ccsds_dvbs2,DVB-S2,DVB_S2_N64800_R12,LDPC,DVB-S2,64800,32400,0.5,CUDA BP,16qam,0.0,3.01,2000.0,2000.0,NA,NA,1.0,NA,0.0,53.79,NA,NA,1492.04,7.37,NA,0.0869,17.5893,
E:\Codex\usrp_plt_1\build\uhd_cpp_gpu_pipeline\logs\throughput_all_ldpc_mcs_ebn0_0_2_16_20260524_161606\offline_gpu\DVB_S2_N64800_R12_16qam_cuda-bp_EbN0_2dB.log,history_throughput_ccsds_dvbs2,DVB-S2,DVB_S2_N64800_R12,LDPC,DVB-S2,64800,32400,0.5,CUDA BP,16qam,2.0,5.01,2000.0,2000.0,NA,NA,1.0,NA,0.0,53.74,NA,NA,1428.33,7.36,NA,0.0907,17.6084,
E:\Codex\usrp_plt_1\build\uhd_cpp_gpu_pipeline\logs\throughput_all_ldpc_mcs_ebn0_0_2_16_20260524_161606\offline_gpu\DVB_S2_N64800_R12_16qam_cuda-bp_EbN0_4dB.log,history_throughput_ccsds_dvbs2,DVB-S2,DVB_S2_N64800_R12,LDPC,DVB-S2,64800,32400,0.5,CUDA BP,16qam,4.0,7.01,2000.0,2000.0,NA,NA,1.0,NA,0.0,53.86,NA,NA,1456.02,7.38,NA,0.089,17.5729,
E:\Codex\usrp_plt_1\build\uhd_cpp_gpu_pipeline\logs\throughput_all_ldpc_mcs_ebn0_0_2_16_20260524_161606\offline_gpu\DVB_S2_N64800_R12_16qam_cuda-bp_EbN0_6dB.log,history_throughput_ccsds_dvbs2,DVB-S2,DVB_S2_N64800_R12,LDPC,DVB-S2,64800,32400,0.5,CUDA BP,16qam,6.0,9.01,2000.0,0.0,NA,NA,0.0,NA,39.06,301.39,NA,NA,1564.86,54.13,NA,0.0828,2.3944,
E:\Codex\usrp_plt_1\build\uhd_cpp_gpu_pipeline\logs\throughput_all_ldpc_mcs_ebn0_0_2_16_20260524_161606\offline_gpu\DVB_S2_N64800_R12_16qam_cuda-bp_EbN0_8dB.log,history_throughput_ccsds_dvbs2,DVB-S2,DVB_S2_N64800_R12,LDPC,DVB-S2,64800,32400,0.5,CUDA BP,16qam,8.0,11.01,2000.0,0.0,NA,NA,0.0,NA,57.27,441.9,NA,NA,1589.99,94.36,NA,0.0815,1.3735,
E:\Codex\usrp_plt_1\build\uhd_cpp_gpu_pipeline\logs\throughput_all_ldpc_mcs_ebn0_0_2_16_20260524_161606\offline_gpu\DVB_S2_N64800_R12_16qam_cuda-bp_EbN0_10dB.log,history_throughput_ccsds_dvbs2,DVB-S2,DVB_S2_N64800_R12,LDPC,DVB-S2,64800,32400,0.5,CUDA BP,16qam,10.0,13.01,2000.0,0.0,NA,NA,0.0,NA,70.27,542.21,NA,NA,1615.7,130.47,NA,0.0802,0.9933,
E:\Codex\usrp_plt_1\build\uhd_cpp_gpu_pipeline\logs\throughput_all_ldpc_mcs_ebn0_0_2_16_20260524_161606\offline_gpu\DVB_S2_N64800_R12_16qam_cuda-bp_EbN0_12dB.log,history_throughput_ccsds_dvbs2,DVB-S2,DVB_S2_N64800_R12,LDPC,DVB-S2,64800,32400,0.5,CUDA BP,16qam,12.0,15.01,2000.0,0.0,NA,NA,0.0,NA,73.9,570.25,NA,NA,1642.95,145.96,NA,0.0789,0.8879,
E:\Codex\usrp_plt_1\build\uhd_cpp_gpu_pipeline\logs\throughput_all_ldpc_mcs_ebn0_0_2_16_20260524_161606\offline_gpu\DVB_S2_N64800_R12_16qam_cuda-bp_EbN0_14dB.log,history_throughput_ccsds_dvbs2,DVB-S2,DVB_S2_N64800_R12,LDPC,DVB-S2,64800,32400,0.5,CUDA BP,16qam,14.0,17.01,2000.0,0.0,NA,NA,0.0,NA,88.67,684.2,NA,NA,1673.83,204.81,NA,0.0774,0.6328,
E:\Codex\usrp_plt_1\build\uhd_cpp_gpu_pipeline\logs\throughput_all_ldpc_mcs_ebn0_0_2_16_20260524_161606\offline_gpu\DVB_S2_N64800_R12_16qam_cuda-bp_EbN0_16dB.log,history_throughput_ccsds_dvbs2,DVB-S2,DVB_S2_N64800_R12,LDPC,DVB-S2,64800,32400,0.5,CUDA BP,16qam,16.0,19.01,2000.0,0.0,NA,NA,0.0,NA,89.99,694.35,NA,NA,1632.37,205.73,NA,0.0794,0.63,
E:\Codex\usrp_plt_1\build\uhd_cpp_gpu_pipeline\logs\throughput_all_ldpc_mcs_ebn0_0_2_16_20260524_161606\offline_gpu\DVB_S2_N64800_R12_64qam_cuda-bp_EbN0_0dB.log,history_throughput_ccsds_dvbs2,DVB-S2,DVB_S2_N64800_R12,LDPC,DVB-S2,64800,32400,0.5,CUDA BP,64qam,0.0,4.77,2000.0,2000.0,NA,NA,1.0,NA,0.0,43.55,NA,NA,626.61,9.04,NA,0.3102,21.5099,
E:\Codex\usrp_plt_1\build\uhd_cpp_gpu_pipeline\logs\throughput_all_ldpc_mcs_ebn0_0_2_16_20260524_161606\offline_gpu\DVB_S2_N64800_R12_64qam_cuda-bp_EbN0_2dB.log,history_throughput_ccsds_dvbs2,DVB-S2,DVB_S2_N64800_R12,LDPC,DVB-S2,64800,32400,0.5,CUDA BP,64qam,2.0,6.77,2000.0,2000.0,NA,NA,1.0,NA,0.0,43.69,NA,NA,610.34,9.05,NA,0.3185,21.4711,
E:\Codex\usrp_plt_1\build\uhd_cpp_gpu_pipeline\logs\throughput_all_ldpc_mcs_ebn0_0_2_16_20260524_161606\offline_gpu\DVB_S2_N64800_R12_64qam_cuda-bp_EbN0_4dB.log,history_throughput_ccsds_dvbs2,DVB-S2,DVB_S2_N64800_R12,LDPC,DVB-S2,64800,32400,0.5,CUDA BP,64qam,4.0,8.77,2000.0,2000.0,NA,NA,1.0,NA,0.0,44.41,NA,NA,623.41,9.22,NA,0.3118,21.0938,
E:\Codex\usrp_plt_1\build\uhd_cpp_gpu_pipeline\logs\throughput_all_ldpc_mcs_ebn0_0_2_16_20260524_161606\offline_gpu\DVB_S2_N64800_R12_64qam_cuda-bp_EbN0_6dB.log,history_throughput_ccsds_dvbs2,DVB-S2,DVB_S2_N64800_R12,LDPC,DVB-S2,64800,32400,0.5,CUDA BP,64qam,6.0,10.77,2000.0,2000.0,NA,NA,1.0,NA,0.0,43.42,NA,NA,609.32,9.0,NA,0.319,21.6,
E:\Codex\usrp_plt_1\build\uhd_cpp_gpu_pipeline\logs\throughput_all_ldpc_mcs_ebn0_0_2_16_20260524_161606\offline_gpu\DVB_S2_N64800_R12_64qam_cuda-bp_EbN0_8dB.log,history_throughput_ccsds_dvbs2,DVB-S2,DVB_S2_N64800_R12,LDPC,DVB-S2,64800,32400,0.5,CUDA BP,64qam,8.0,12.77,2000.0,0.0,NA,NA,0.0,NA,40.11,206.34,NA,NA,612.32,56.1,NA,0.3175,3.465,
E:\Codex\usrp_plt_1\build\uhd_cpp_gpu_pipeline\logs\throughput_all_ldpc_mcs_ebn0_0_2_16_20260524_161606\offline_gpu\DVB_S2_N64800_R12_64qam_cuda-bp_EbN0_10dB.log,history_throughput_ccsds_dvbs2,DVB-S2,DVB_S2_N64800_R12,LDPC,DVB-S2,64800,32400,0.5,CUDA BP,64qam,10.0,14.77,2000.0,0.0,NA,NA,0.0,NA,57.74,297.03,NA,NA,614.17,94.62,NA,0.3165,2.0545,
E:\Codex\usrp_plt_1\build\uhd_cpp_gpu_pipeline\logs\throughput_all_ldpc_mcs_ebn0_0_2_16_20260524_161606\offline_gpu\DVB_S2_N64800_R12_64qam_cuda-bp_EbN0_12dB.log,history_throughput_ccsds_dvbs2,DVB-S2,DVB_S2_N64800_R12,LDPC,DVB-S2,64800,32400,0.5,CUDA BP,64qam,12.0,16.77,2000.0,0.0,NA,NA,0.0,NA,65.69,337.9,NA,NA,626.83,118.51,NA,0.3101,1.6404,
E:\Codex\usrp_plt_1\build\uhd_cpp_gpu_pipeline\logs\throughput_all_ldpc_mcs_ebn0_0_2_16_20260524_161606\offline_gpu\DVB_S2_N64800_R12_64qam_cuda-bp_EbN0_14dB.log,history_throughput_ccsds_dvbs2,DVB-S2,DVB_S2_N64800_R12,LDPC,DVB-S2,64800,32400,0.5,CUDA BP,64qam,14.0,18.77,2000.0,0.0,NA,NA,0.0,NA,77.45,398.43,NA,NA,631.82,159.6,NA,0.3077,1.218,
E:\Codex\usrp_plt_1\build\uhd_cpp_gpu_pipeline\logs\throughput_all_ldpc_mcs_ebn0_0_2_16_20260524_161606\offline_gpu\DVB_S2_N64800_R12_64qam_cuda-bp_EbN0_16dB.log,history_throughput_ccsds_dvbs2,DVB-S2,DVB_S2_N64800_R12,LDPC,DVB-S2,64800,32400,0.5,CUDA BP,64qam,16.0,20.77,2000.0,0.0,NA,NA,0.0,NA,81.21,417.74,NA,NA,625.86,175.83,NA,0.3106,1.1056,
E:\Codex\usrp_plt_1\build\uhd_cpp_gpu_pipeline\logs\throughput_all_ldpc_mcs_ebn0_0_2_16_20260524_161606\offline_gpu\DVB_S2_short_N16200_rate_1_2_bpsk_cuda-bp_EbN0_0dB.log,history_throughput_ccsds_dvbs2,DVB-S2,DVB_S2_short_N16200_rate_1_2,LDPC,DVB-S2,16200,7200,0.444444444444444,CUDA BP,bpsk,0.0,-3.52,2000.0,2000.0,NA,NA,1.0,NA,0.0,109.88,NA,NA,554.84,3.29,NA,0.0519,8.7528,
E:\Codex\usrp_plt_1\build\uhd_cpp_gpu_pipeline\logs\throughput_all_ldpc_mcs_ebn0_0_2_16_20260524_161606\offline_gpu\DVB_S2_short_N16200_rate_1_2_bpsk_cuda-bp_EbN0_2dB.log,history_throughput_ccsds_dvbs2,DVB-S2,DVB_S2_short_N16200_rate_1_2,LDPC,DVB-S2,16200,7200,0.444444444444444,CUDA BP,bpsk,2.0,-1.52,2000.0,0.0,NA,NA,0.0,NA,16.79,583.16,NA,NA,587.19,20.1,NA,0.049,1.4328,
E:\Codex\usrp_plt_1\build\uhd_cpp_gpu_pipeline\logs\throughput_all_ldpc_mcs_ebn0_0_2_16_20260524_161606\offline_gpu\DVB_S2_short_N16200_rate_1_2_bpsk_cuda-bp_EbN0_4dB.log,history_throughput_ccsds_dvbs2,DVB-S2,DVB_S2_short_N16200_rate_1_2,LDPC,DVB-S2,16200,7200,0.444444444444444,CUDA BP,bpsk,4.0,0.48,2000.0,0.0,NA,NA,0.0,NA,28.67,995.44,NA,NA,580.52,39.45,NA,0.0496,0.73,
E:\Codex\usrp_plt_1\build\uhd_cpp_gpu_pipeline\logs\throughput_all_ldpc_mcs_ebn0_0_2_16_20260524_161606\offline_gpu\DVB_S2_short_N16200_rate_1_2_bpsk_cuda-bp_EbN0_6dB.log,history_throughput_ccsds_dvbs2,DVB-S2,DVB_S2_short_N16200_rate_1_2,LDPC,DVB-S2,16200,7200,0.444444444444444,CUDA BP,bpsk,6.0,2.48,2000.0,0.0,NA,NA,0.0,NA,38.51,1337.32,NA,NA,593.52,59.69,NA,0.0485,0.4825,
E:\Codex\usrp_plt_1\build\uhd_cpp_gpu_pipeline\logs\throughput_all_ldpc_mcs_ebn0_0_2_16_20260524_161606\offline_gpu\DVB_S2_short_N16200_rate_1_2_bpsk_cuda-bp_EbN0_8dB.log,history_throughput_ccsds_dvbs2,DVB-S2,DVB_S2_short_N16200_rate_1_2,LDPC,DVB-S2,16200,7200,0.444444444444444,CUDA BP,bpsk,8.0,4.48,2000.0,0.0,NA,NA,0.0,NA,42.9,1489.72,NA,NA,593.56,71.43,NA,0.0485,0.4032,
E:\Codex\usrp_plt_1\build\uhd_cpp_gpu_pipeline\logs\throughput_all_ldpc_mcs_ebn0_0_2_16_20260524_161606\offline_gpu\DVB_S2_short_N16200_rate_1_2_bpsk_cuda-bp_EbN0_10dB.log,history_throughput_ccsds_dvbs2,DVB-S2,DVB_S2_short_N16200_rate_1_2,LDPC,DVB-S2,16200,7200,0.444444444444444,CUDA BP,bpsk,10.0,6.48,2000.0,0.0,NA,NA,0.0,NA,51.26,1779.91,NA,NA,600.67,97.94,NA,0.0479,0.294,
E:\Codex\usrp_plt_1\build\uhd_cpp_gpu_pipeline\logs\throughput_all_ldpc_mcs_ebn0_0_2_16_20260524_161606\offline_gpu\DVB_S2_short_N16200_rate_1_2_bpsk_cuda-bp_EbN0_12dB.log,history_throughput_ccsds_dvbs2,DVB-S2,DVB_S2_short_N16200_rate_1_2,LDPC,DVB-S2,16200,7200,0.444444444444444,CUDA BP,bpsk,12.0,8.48,2000.0,0.0,NA,NA,0.0,NA,50.48,1752.8,NA,NA,584.91,95.62,NA,0.0492,0.3012,
E:\Codex\usrp_plt_1\build\uhd_cpp_gpu_pipeline\logs\throughput_all_ldpc_mcs_ebn0_0_2_16_20260524_161606\offline_gpu\DVB_S2_short_N16200_rate_1_2_bpsk_cuda-bp_EbN0_14dB.log,history_throughput_ccsds_dvbs2,DVB-S2,DVB_S2_short_N16200_rate_1_2,LDPC,DVB-S2,16200,7200,0.444444444444444,CUDA BP,bpsk,14.0,10.48,2000.0,0.0,NA,NA,0.0,NA,48.98,1700.52,NA,NA,570.5,91.76,NA,0.0505,0.3138,
E:\Codex\usrp_plt_1\build\uhd_cpp_gpu_pipeline\logs\throughput_all_ldpc_mcs_ebn0_0_2_16_20260524_161606\offline_gpu\DVB_S2_short_N16200_rate_1_2_bpsk_cuda-bp_EbN0_16dB.log,history_throughput_ccsds_dvbs2,DVB-S2,DVB_S2_short_N16200_rate_1_2,LDPC,DVB-S2,16200,7200,0.444444444444444,CUDA BP,bpsk,16.0,12.48,2000.0,0.0,NA,NA,0.0,NA,50.34,1747.82,NA,NA,581.33,95.81,NA,0.0495,0.3006,
E:\Codex\usrp_plt_1\build\uhd_cpp_gpu_pipeline\logs\throughput_all_ldpc_mcs_ebn0_0_2_16_20260524_161606\offline_gpu\DVB_S2_short_N16200_rate_1_2_qpsk_cuda-bp_EbN0_0dB.log,history_throughput_ccsds_dvbs2,DVB-S2,DVB_S2_short_N16200_rate_1_2,LDPC,DVB-S2,16200,7200,0.444444444444444,CUDA BP,qpsk,0.0,-0.51,2000.0,2000.0,NA,NA,1.0,NA,0.0,85.19,NA,NA,951.24,5.1,NA,0.0606,11.303,
E:\Codex\usrp_plt_1\build\uhd_cpp_gpu_pipeline\logs\throughput_all_ldpc_mcs_ebn0_0_2_16_20260524_161606\offline_gpu\DVB_S2_short_N16200_rate_1_2_qpsk_cuda-bp_EbN0_2dB.log,history_throughput_ccsds_dvbs2,DVB-S2,DVB_S2_short_N16200_rate_1_2,LDPC,DVB-S2,16200,7200,0.444444444444444,CUDA BP,qpsk,2.0,1.49,2000.0,0.0,NA,NA,0.0,NA,24.39,423.37,NA,NA,1016.6,29.22,NA,0.0567,1.9713,
E:\Codex\usrp_plt_1\build\uhd_cpp_gpu_pipeline\logs\throughput_all_ldpc_mcs_ebn0_0_2_16_20260524_161606\offline_gpu\DVB_S2_short_N16200_rate_1_2_qpsk_cuda-bp_EbN0_4dB.log,history_throughput_ccsds_dvbs2,DVB-S2,DVB_S2_short_N16200_rate_1_2,LDPC,DVB-S2,16200,7200,0.444444444444444,CUDA BP,qpsk,4.0,3.49,2000.0,0.0,NA,NA,0.0,NA,44.89,779.41,NA,NA,1085.84,61.15,NA,0.053,0.9419,
E:\Codex\usrp_plt_1\build\uhd_cpp_gpu_pipeline\logs\throughput_all_ldpc_mcs_ebn0_0_2_16_20260524_161606\offline_gpu\DVB_S2_short_N16200_rate_1_2_qpsk_cuda-bp_EbN0_6dB.log,history_throughput_ccsds_dvbs2,DVB-S2,DVB_S2_short_N16200_rate_1_2,LDPC,DVB-S2,16200,7200,0.444444444444444,CUDA BP,qpsk,6.0,5.49,2000.0,0.0,NA,NA,0.0,NA,58.6,1017.38,NA,NA,1103.93,90.26,NA,0.0522,0.6382,
E:\Codex\usrp_plt_1\build\uhd_cpp_gpu_pipeline\logs\throughput_all_ldpc_mcs_ebn0_0_2_16_20260524_161606\offline_gpu\DVB_S2_short_N16200_rate_1_2_qpsk_cuda-bp_EbN0_8dB.log,history_throughput_ccsds_dvbs2,DVB-S2,DVB_S2_short_N16200_rate_1_2,LDPC,DVB-S2,16200,7200,0.444444444444444,CUDA BP,qpsk,8.0,7.49,2000.0,0.0,NA,NA,0.0,NA,65.88,1143.73,NA,NA,1093.84,108.25,NA,0.0527,0.5321,
E:\Codex\usrp_plt_1\build\uhd_cpp_gpu_pipeline\logs\throughput_all_ldpc_mcs_ebn0_0_2_16_20260524_161606\offline_gpu\DVB_S2_short_N16200_rate_1_2_qpsk_cuda-bp_EbN0_10dB.log,history_throughput_ccsds_dvbs2,DVB-S2,DVB_S2_short_N16200_rate_1_2,LDPC,DVB-S2,16200,7200,0.444444444444444,CUDA BP,qpsk,10.0,9.49,2000.0,0.0,NA,NA,0.0,NA,82.44,1431.28,NA,NA,1100.31,162.57,NA,0.0523,0.3543,
E:\Codex\usrp_plt_1\build\uhd_cpp_gpu_pipeline\logs\throughput_all_ldpc_mcs_ebn0_0_2_16_20260524_161606\offline_gpu\DVB_S2_short_N16200_rate_1_2_qpsk_cuda-bp_EbN0_12dB.log,history_throughput_ccsds_dvbs2,DVB-S2,DVB_S2_short_N16200_rate_1_2,LDPC,DVB-S2,16200,7200,0.444444444444444,CUDA BP,qpsk,12.0,11.49,2000.0,0.0,NA,NA,0.0,NA,82.25,1427.87,NA,NA,1104.62,161.53,NA,0.0521,0.3566,
E:\Codex\usrp_plt_1\build\uhd_cpp_gpu_pipeline\logs\throughput_all_ldpc_mcs_ebn0_0_2_16_20260524_161606\offline_gpu\DVB_S2_short_N16200_rate_1_2_qpsk_cuda-bp_EbN0_14dB.log,history_throughput_ccsds_dvbs2,DVB-S2,DVB_S2_short_N16200_rate_1_2,LDPC,DVB-S2,16200,7200,0.444444444444444,CUDA BP,qpsk,14.0,13.49,2000.0,0.0,NA,NA,0.0,NA,82.35,1429.74,NA,NA,1077.49,161.41,NA,0.0535,0.3569,
E:\Codex\usrp_plt_1\build\uhd_cpp_gpu_pipeline\logs\throughput_all_ldpc_mcs_ebn0_0_2_16_20260524_161606\offline_gpu\DVB_S2_short_N16200_rate_1_2_qpsk_cuda-bp_EbN0_16dB.log,history_throughput_ccsds_dvbs2,DVB-S2,DVB_S2_short_N16200_rate_1_2,LDPC,DVB-S2,16200,7200,0.444444444444444,CUDA BP,qpsk,16.0,15.49,2000.0,0.0,NA,NA,0.0,NA,83.05,1441.84,NA,NA,1086.69,163.89,NA,0.053,0.3515,
E:\Codex\usrp_plt_1\build\uhd_cpp_gpu_pipeline\logs\throughput_all_ldpc_mcs_ebn0_0_2_16_20260524_161606\offline_gpu\DVB_S2_short_N16200_rate_1_2_16qam_cuda-bp_EbN0_0dB.log,history_throughput_ccsds_dvbs2,DVB-S2,DVB_S2_short_N16200_rate_1_2,LDPC,DVB-S2,16200,7200,0.444444444444444,CUDA BP,16qam,0.0,2.5,2000.0,2000.0,NA,NA,1.0,NA,0.0,66.39,NA,NA,1368.04,8.07,NA,0.0842,14.2836,
E:\Codex\usrp_plt_1\build\uhd_cpp_gpu_pipeline\logs\throughput_all_ldpc_mcs_ebn0_0_2_16_20260524_161606\offline_gpu\DVB_S2_short_N16200_rate_1_2_16qam_cuda-bp_EbN0_2dB.log,history_throughput_ccsds_dvbs2,DVB-S2,DVB_S2_short_N16200_rate_1_2,LDPC,DVB-S2,16200,7200,0.444444444444444,CUDA BP,16qam,2.0,4.5,2000.0,2000.0,NA,NA,1.0,NA,0.0,70.24,NA,NA,1360.12,8.53,NA,0.0847,13.5022,
E:\Codex\usrp_plt_1\build\uhd_cpp_gpu_pipeline\logs\throughput_all_ldpc_mcs_ebn0_0_2_16_20260524_161606\offline_gpu\DVB_S2_short_N16200_rate_1_2_16qam_cuda-bp_EbN0_4dB.log,history_throughput_ccsds_dvbs2,DVB-S2,DVB_S2_short_N16200_rate_1_2,LDPC,DVB-S2,16200,7200,0.444444444444444,CUDA BP,16qam,4.0,6.5,2000.0,2000.0,NA,NA,1.0,NA,0.0,70.16,NA,NA,1337.34,8.53,NA,0.0861,13.513,
E:\Codex\usrp_plt_1\build\uhd_cpp_gpu_pipeline\logs\throughput_all_ldpc_mcs_ebn0_0_2_16_20260524_161606\offline_gpu\DVB_S2_short_N16200_rate_1_2_16qam_cuda-bp_EbN0_6dB.log,history_throughput_ccsds_dvbs2,DVB-S2,DVB_S2_short_N16200_rate_1_2,LDPC,DVB-S2,16200,7200,0.444444444444444,CUDA BP,16qam,6.0,8.5,2000.0,0.0,NA,NA,0.0,NA,46.14,400.49,NA,NA,1444.38,62.72,NA,0.0798,1.8368,
E:\Codex\usrp_plt_1\build\uhd_cpp_gpu_pipeline\logs\throughput_all_ldpc_mcs_ebn0_0_2_16_20260524_161606\offline_gpu\DVB_S2_short_N16200_rate_1_2_16qam_cuda-bp_EbN0_8dB.log,history_throughput_ccsds_dvbs2,DVB-S2,DVB_S2_short_N16200_rate_1_2,LDPC,DVB-S2,16200,7200,0.444444444444444,CUDA BP,16qam,8.0,10.5,2000.0,0.0,NA,NA,0.0,NA,67.85,588.99,NA,NA,1430.74,106.86,NA,0.0805,1.078,
E:\Codex\usrp_plt_1\build\uhd_cpp_gpu_pipeline\logs\throughput_all_ldpc_mcs_ebn0_0_2_16_20260524_161606\offline_gpu\DVB_S2_short_N16200_rate_1_2_16qam_cuda-bp_EbN0_10dB.log,history_throughput_ccsds_dvbs2,DVB-S2,DVB_S2_short_N16200_rate_1_2,LDPC,DVB-S2,16200,7200,0.444444444444444,CUDA BP,16qam,10.0,12.5,2000.0,0.0,NA,NA,0.0,NA,84.15,730.44,NA,NA,1446.09,147.45,NA,0.0797,0.7813,
E:\Codex\usrp_plt_1\build\uhd_cpp_gpu_pipeline\logs\throughput_all_ldpc_mcs_ebn0_0_2_16_20260524_161606\offline_gpu\DVB_S2_short_N16200_rate_1_2_16qam_cuda-bp_EbN0_12dB.log,history_throughput_ccsds_dvbs2,DVB-S2,DVB_S2_short_N16200_rate_1_2,LDPC,DVB-S2,16200,7200,0.444444444444444,CUDA BP,16qam,12.0,14.5,2000.0,0.0,NA,NA,0.0,NA,89.73,778.93,NA,NA,1487.19,162.85,NA,0.0775,0.7074,
E:\Codex\usrp_plt_1\build\uhd_cpp_gpu_pipeline\logs\throughput_all_ldpc_mcs_ebn0_0_2_16_20260524_161606\offline_gpu\DVB_S2_short_N16200_rate_1_2_16qam_cuda-bp_EbN0_14dB.log,history_throughput_ccsds_dvbs2,DVB-S2,DVB_S2_short_N16200_rate_1_2,LDPC,DVB-S2,16200,7200,0.444444444444444,CUDA BP,16qam,14.0,16.5,2000.0,0.0,NA,NA,0.0,NA,108.86,944.98,NA,NA,1489.48,240.36,NA,0.0773,0.4793,
E:\Codex\usrp_plt_1\build\uhd_cpp_gpu_pipeline\logs\throughput_all_ldpc_mcs_ebn0_0_2_16_20260524_161606\offline_gpu\DVB_S2_short_N16200_rate_1_2_16qam_cuda-bp_EbN0_16dB.log,history_throughput_ccsds_dvbs2,DVB-S2,DVB_S2_short_N16200_rate_1_2,LDPC,DVB-S2,16200,7200,0.444444444444444,CUDA BP,16qam,16.0,18.5,2000.0,0.0,NA,NA,0.0,NA,109.26,948.44,NA,NA,1484.71,242.39,NA,0.0776,0.4753,
E:\Codex\usrp_plt_1\build\uhd_cpp_gpu_pipeline\logs\throughput_all_ldpc_mcs_ebn0_0_2_16_20260524_161606\offline_gpu\DVB_S2_short_N16200_rate_1_2_64qam_cuda-bp_EbN0_0dB.log,history_throughput_ccsds_dvbs2,DVB-S2,DVB_S2_short_N16200_rate_1_2,LDPC,DVB-S2,16200,7200,0.444444444444444,CUDA BP,64qam,0.0,4.26,2000.0,2000.0,NA,NA,1.0,NA,0.0,52.53,NA,NA,555.2,9.69,NA,0.3112,17.8242,
E:\Codex\usrp_plt_1\build\uhd_cpp_gpu_pipeline\logs\throughput_all_ldpc_mcs_ebn0_0_2_16_20260524_161606\offline_gpu\DVB_S2_short_N16200_rate_1_2_64qam_cuda-bp_EbN0_2dB.log,history_throughput_ccsds_dvbs2,DVB-S2,DVB_S2_short_N16200_rate_1_2,LDPC,DVB-S2,16200,7200,0.444444444444444,CUDA BP,64qam,2.0,6.26,2000.0,2000.0,NA,NA,1.0,NA,0.0,53.87,NA,NA,545.3,9.96,NA,0.3169,17.3419,
E:\Codex\usrp_plt_1\build\uhd_cpp_gpu_pipeline\logs\throughput_all_ldpc_mcs_ebn0_0_2_16_20260524_161606\offline_gpu\DVB_S2_short_N16200_rate_1_2_64qam_cuda-bp_EbN0_4dB.log,history_throughput_ccsds_dvbs2,DVB-S2,DVB_S2_short_N16200_rate_1_2,LDPC,DVB-S2,16200,7200,0.444444444444444,CUDA BP,64qam,4.0,8.26,2000.0,2000.0,NA,NA,1.0,NA,0.0,53.12,NA,NA,532.54,9.83,NA,0.3245,17.5791,
E:\Codex\usrp_plt_1\build\uhd_cpp_gpu_pipeline\logs\throughput_all_ldpc_mcs_ebn0_0_2_16_20260524_161606\offline_gpu\DVB_S2_short_N16200_rate_1_2_64qam_cuda-bp_EbN0_6dB.log,history_throughput_ccsds_dvbs2,DVB-S2,DVB_S2_short_N16200_rate_1_2,LDPC,DVB-S2,16200,7200,0.444444444444444,CUDA BP,64qam,6.0,10.26,2000.0,2000.0,NA,NA,1.0,NA,0.0,53.25,NA,NA,515.27,9.85,NA,0.3354,17.5502,
E:\Codex\usrp_plt_1\build\uhd_cpp_gpu_pipeline\logs\throughput_all_ldpc_mcs_ebn0_0_2_16_20260524_161606\offline_gpu\DVB_S2_short_N16200_rate_1_2_64qam_cuda-bp_EbN0_8dB.log,history_throughput_ccsds_dvbs2,DVB-S2,DVB_S2_short_N16200_rate_1_2,LDPC,DVB-S2,16200,7200,0.444444444444444,CUDA BP,64qam,8.0,12.26,2000.0,0.0,NA,NA,0.0,NA,45.66,264.26,NA,NA,511.93,65.73,NA,0.3375,2.629,
E:\Codex\usrp_plt_1\build\uhd_cpp_gpu_pipeline\logs\throughput_all_ldpc_mcs_ebn0_0_2_16_20260524_161606\offline_gpu\DVB_S2_short_N16200_rate_1_2_64qam_cuda-bp_EbN0_10dB.log,history_throughput_ccsds_dvbs2,DVB-S2,DVB_S2_short_N16200_rate_1_2,LDPC,DVB-S2,16200,7200,0.444444444444444,CUDA BP,64qam,10.0,14.26,2000.0,0.0,NA,NA,0.0,NA,62.79,363.37,NA,NA,518.65,105.71,NA,0.3332,1.6347,
E:\Codex\usrp_plt_1\build\uhd_cpp_gpu_pipeline\logs\throughput_all_ldpc_mcs_ebn0_0_2_16_20260524_161606\offline_gpu\DVB_S2_short_N16200_rate_1_2_64qam_cuda-bp_EbN0_12dB.log,history_throughput_ccsds_dvbs2,DVB-S2,DVB_S2_short_N16200_rate_1_2,LDPC,DVB-S2,16200,7200,0.444444444444444,CUDA BP,64qam,12.0,16.26,2000.0,0.0,NA,NA,0.0,NA,73.02,422.59,NA,NA,521.95,134.43,NA,0.3311,1.2854,
E:\Codex\usrp_plt_1\build\uhd_cpp_gpu_pipeline\logs\throughput_all_ldpc_mcs_ebn0_0_2_16_20260524_161606\offline_gpu\DVB_S2_short_N16200_rate_1_2_64qam_cuda-bp_EbN0_14dB.log,history_throughput_ccsds_dvbs2,DVB-S2,DVB_S2_short_N16200_rate_1_2,LDPC,DVB-S2,16200,7200,0.444444444444444,CUDA BP,64qam,14.0,18.26,2000.0,0.0,NA,NA,0.0,NA,83.92,485.66,NA,NA,509.34,177.57,NA,0.3393,0.9731,
E:\Codex\usrp_plt_1\build\uhd_cpp_gpu_pipeline\logs\throughput_all_ldpc_mcs_ebn0_0_2_16_20260524_161606\offline_gpu\DVB_S2_short_N16200_rate_1_2_64qam_cuda-bp_EbN0_16dB.log,history_throughput_ccsds_dvbs2,DVB-S2,DVB_S2_short_N16200_rate_1_2,LDPC,DVB-S2,16200,7200,0.444444444444444,CUDA BP,64qam,16.0,20.26,2000.0,0.0,NA,NA,0.0,NA,86.35,499.72,NA,NA,519.24,188.35,NA,0.3328,0.9175,
E:\Codex\usrp_plt_1\build\uhd_cpp_gpu_pipeline\logs\throughput_all_ldpc_mcs_ebn0_0_2_16_20260524_161606\offline_gpu\DVB_S2_short_N16200_rate_1_4_bpsk_cuda-bp_EbN0_0dB.log,history_throughput_ccsds_dvbs2,DVB-S2,DVB_S2_short_N16200_rate_1_4,LDPC,DVB-S2,16200,3240,0.2,CUDA BP,bpsk,0.0,-6.99,2000.0,2000.0,NA,NA,1.0,NA,0.0,98.48,NA,NA,227.38,1.31,NA,0.057,9.8667,
E:\Codex\usrp_plt_1\build\uhd_cpp_gpu_pipeline\logs\throughput_all_ldpc_mcs_ebn0_0_2_16_20260524_161606\offline_gpu\DVB_S2_short_N16200_rate_1_4_bpsk_cuda-bp_EbN0_2dB.log,history_throughput_ccsds_dvbs2,DVB-S2,DVB_S2_short_N16200_rate_1_4,LDPC,DVB-S2,16200,3240,0.2,CUDA BP,bpsk,2.0,-4.99,2000.0,0.0,NA,NA,0.0,NA,4.99,384.85,NA,NA,259.32,5.54,NA,0.05,2.3375,
E:\Codex\usrp_plt_1\build\uhd_cpp_gpu_pipeline\logs\throughput_all_ldpc_mcs_ebn0_0_2_16_20260524_161606\offline_gpu\DVB_S2_short_N16200_rate_1_4_bpsk_cuda-bp_EbN0_4dB.log,history_throughput_ccsds_dvbs2,DVB-S2,DVB_S2_short_N16200_rate_1_4,LDPC,DVB-S2,16200,3240,0.2,CUDA BP,bpsk,4.0,-2.99,2000.0,0.0,NA,NA,0.0,NA,8.66,668.26,NA,NA,283.48,10.35,NA,0.0457,1.2523,
E:\Codex\usrp_plt_1\build\uhd_cpp_gpu_pipeline\logs\throughput_all_ldpc_mcs_ebn0_0_2_16_20260524_161606\offline_gpu\DVB_S2_short_N16200_rate_1_4_bpsk_cuda-bp_EbN0_6dB.log,history_throughput_ccsds_dvbs2,DVB-S2,DVB_S2_short_N16200_rate_1_4,LDPC,DVB-S2,16200,3240,0.2,CUDA BP,bpsk,6.0,-0.99,2000.0,0.0,NA,NA,0.0,NA,12.29,948.53,NA,NA,291.67,15.87,NA,0.0444,0.8168,
E:\Codex\usrp_plt_1\build\uhd_cpp_gpu_pipeline\logs\throughput_all_ldpc_mcs_ebn0_0_2_16_20260524_161606\offline_gpu\DVB_S2_short_N16200_rate_1_4_bpsk_cuda-bp_EbN0_8dB.log,history_throughput_ccsds_dvbs2,DVB-S2,DVB_S2_short_N16200_rate_1_4,LDPC,DVB-S2,16200,3240,0.2,CUDA BP,bpsk,8.0,1.01,2000.0,0.0,NA,NA,0.0,NA,15.3,1180.87,NA,NA,284.62,21.36,NA,0.0455,0.6067,
E:\Codex\usrp_plt_1\build\uhd_cpp_gpu_pipeline\logs\throughput_all_ldpc_mcs_ebn0_0_2_16_20260524_161606\offline_gpu\DVB_S2_short_N16200_rate_1_4_bpsk_cuda-bp_EbN0_10dB.log,history_throughput_ccsds_dvbs2,DVB-S2,DVB_S2_short_N16200_rate_1_4,LDPC,DVB-S2,16200,3240,0.2,CUDA BP,bpsk,10.0,3.01,2000.0,0.0,NA,NA,0.0,NA,18.52,1429.38,NA,NA,289.52,28.11,NA,0.0448,0.4611,
E:\Codex\usrp_plt_1\build\uhd_cpp_gpu_pipeline\logs\throughput_all_ldpc_mcs_ebn0_0_2_16_20260524_161606\offline_gpu\DVB_S2_short_N16200_rate_1_4_bpsk_cuda-bp_EbN0_12dB.log,history_throughput_ccsds_dvbs2,DVB-S2,DVB_S2_short_N16200_rate_1_4,LDPC,DVB-S2,16200,3240,0.2,CUDA BP,bpsk,12.0,5.01,2000.0,0.0,NA,NA,0.0,NA,23.59,1820.25,NA,NA,288.67,41.7,NA,0.0449,0.3108,
E:\Codex\usrp_plt_1\build\uhd_cpp_gpu_pipeline\logs\throughput_all_ldpc_mcs_ebn0_0_2_16_20260524_161606\offline_gpu\DVB_S2_short_N16200_rate_1_4_bpsk_cuda-bp_EbN0_14dB.log,history_throughput_ccsds_dvbs2,DVB-S2,DVB_S2_short_N16200_rate_1_4,LDPC,DVB-S2,16200,3240,0.2,CUDA BP,bpsk,14.0,7.01,2000.0,0.0,NA,NA,0.0,NA,24.92,1922.49,NA,NA,289.42,45.97,NA,0.0448,0.2819,
E:\Codex\usrp_plt_1\build\uhd_cpp_gpu_pipeline\logs\throughput_all_ldpc_mcs_ebn0_0_2_16_20260524_161606\offline_gpu\DVB_S2_short_N16200_rate_1_4_bpsk_cuda-bp_EbN0_16dB.log,history_throughput_ccsds_dvbs2,DVB-S2,DVB_S2_short_N16200_rate_1_4,LDPC,DVB-S2,16200,3240,0.2,CUDA BP,bpsk,16.0,9.01,2000.0,0.0,NA,NA,0.0,NA,24.75,1909.54,NA,NA,288.33,45.51,NA,0.0449,0.2848,
E:\Codex\usrp_plt_1\build\uhd_cpp_gpu_pipeline\logs\throughput_all_ldpc_mcs_ebn0_0_2_16_20260524_161606\offline_gpu\DVB_S2_short_N16200_rate_1_4_qpsk_cuda-bp_EbN0_0dB.log,history_throughput_ccsds_dvbs2,DVB-S2,DVB_S2_short_N16200_rate_1_4,LDPC,DVB-S2,16200,3240,0.2,CUDA BP,qpsk,0.0,-3.98,2000.0,2000.0,NA,NA,1.0,NA,0.0,78.15,NA,NA,466.87,2.08,NA,0.0555,12.4455,
E:\Codex\usrp_plt_1\build\uhd_cpp_gpu_pipeline\logs\throughput_all_ldpc_mcs_ebn0_0_2_16_20260524_161606\offline_gpu\DVB_S2_short_N16200_rate_1_4_qpsk_cuda-bp_EbN0_2dB.log,history_throughput_ccsds_dvbs2,DVB-S2,DVB_S2_short_N16200_rate_1_4,LDPC,DVB-S2,16200,3240,0.2,CUDA BP,qpsk,2.0,-1.98,2000.0,0.0,NA,NA,0.0,NA,7.5,289.33,NA,NA,477.16,8.3,NA,0.0543,3.1238,
E:\Codex\usrp_plt_1\build\uhd_cpp_gpu_pipeline\logs\throughput_all_ldpc_mcs_ebn0_0_2_16_20260524_161606\offline_gpu\DVB_S2_short_N16200_rate_1_4_qpsk_cuda-bp_EbN0_4dB.log,history_throughput_ccsds_dvbs2,DVB-S2,DVB_S2_short_N16200_rate_1_4,LDPC,DVB-S2,16200,3240,0.2,CUDA BP,qpsk,4.0,0.02,2000.0,0.0,NA,NA,0.0,NA,12.84,495.32,NA,NA,511.85,15.2,NA,0.0506,1.7048,
E:\Codex\usrp_plt_1\build\uhd_cpp_gpu_pipeline\logs\throughput_all_ldpc_mcs_ebn0_0_2_16_20260524_161606\offline_gpu\DVB_S2_short_N16200_rate_1_4_qpsk_cuda-bp_EbN0_6dB.log,history_throughput_ccsds_dvbs2,DVB-S2,DVB_S2_short_N16200_rate_1_4,LDPC,DVB-S2,16200,3240,0.2,CUDA BP,qpsk,6.0,2.02,2000.0,0.0,NA,NA,0.0,NA,18.25,704.14,NA,NA,502.78,23.16,NA,0.0516,1.1191,
E:\Codex\usrp_plt_1\build\uhd_cpp_gpu_pipeline\logs\throughput_all_ldpc_mcs_ebn0_0_2_16_20260524_161606\offline_gpu\DVB_S2_short_N16200_rate_1_4_qpsk_cuda-bp_EbN0_8dB.log,history_throughput_ccsds_dvbs2,DVB-S2,DVB_S2_short_N16200_rate_1_4,LDPC,DVB-S2,16200,3240,0.2,CUDA BP,qpsk,8.0,4.02,2000.0,0.0,NA,NA,0.0,NA,23.26,897.38,NA,NA,524.7,31.65,NA,0.0494,0.819,
E:\Codex\usrp_plt_1\build\uhd_cpp_gpu_pipeline\logs\throughput_all_ldpc_mcs_ebn0_0_2_16_20260524_161606\offline_gpu\DVB_S2_short_N16200_rate_1_4_qpsk_cuda-bp_EbN0_10dB.log,history_throughput_ccsds_dvbs2,DVB-S2,DVB_S2_short_N16200_rate_1_4,LDPC,DVB-S2,16200,3240,0.2,CUDA BP,qpsk,10.0,6.02,2000.0,0.0,NA,NA,0.0,NA,28.98,1118.01,NA,NA,531.49,43.07,NA,0.0488,0.6018,
E:\Codex\usrp_plt_1\build\uhd_cpp_gpu_pipeline\logs\throughput_all_ldpc_mcs_ebn0_0_2_16_20260524_161606\offline_gpu\DVB_S2_short_N16200_rate_1_4_qpsk_cuda-bp_EbN0_12dB.log,history_throughput_ccsds_dvbs2,DVB-S2,DVB_S2_short_N16200_rate_1_4,LDPC,DVB-S2,16200,3240,0.2,CUDA BP,qpsk,12.0,8.02,2000.0,0.0,NA,NA,0.0,NA,35.93,1386.11,NA,NA,525.38,60.48,NA,0.0493,0.4286,
E:\Codex\usrp_plt_1\build\uhd_cpp_gpu_pipeline\logs\throughput_all_ldpc_mcs_ebn0_0_2_16_20260524_161606\offline_gpu\DVB_S2_short_N16200_rate_1_4_qpsk_cuda-bp_EbN0_14dB.log,history_throughput_ccsds_dvbs2,DVB-S2,DVB_S2_short_N16200_rate_1_4,LDPC,DVB-S2,16200,3240,0.2,CUDA BP,qpsk,14.0,10.02,2000.0,0.0,NA,NA,0.0,NA,39.44,1521.66,NA,NA,528.5,71.15,NA,0.049,0.3643,
E:\Codex\usrp_plt_1\build\uhd_cpp_gpu_pipeline\logs\throughput_all_ldpc_mcs_ebn0_0_2_16_20260524_161606\offline_gpu\DVB_S2_short_N16200_rate_1_4_qpsk_cuda-bp_EbN0_16dB.log,history_throughput_ccsds_dvbs2,DVB-S2,DVB_S2_short_N16200_rate_1_4,LDPC,DVB-S2,16200,3240,0.2,CUDA BP,qpsk,16.0,12.02,2000.0,0.0,NA,NA,0.0,NA,39.33,1517.37,NA,NA,530.53,71.07,NA,0.0489,0.3647,
E:\Codex\usrp_plt_1\build\uhd_cpp_gpu_pipeline\logs\throughput_all_ldpc_mcs_ebn0_0_2_16_20260524_161606\offline_gpu\DVB_S2_short_N16200_rate_1_4_16qam_cuda-bp_EbN0_0dB.log,history_throughput_ccsds_dvbs2,DVB-S2,DVB_S2_short_N16200_rate_1_4,LDPC,DVB-S2,16200,3240,0.2,CUDA BP,16qam,0.0,-0.97,2000.0,2000.0,NA,NA,1.0,NA,0.0,59.12,NA,NA,606.61,3.18,NA,0.0855,16.3117,
E:\Codex\usrp_plt_1\build\uhd_cpp_gpu_pipeline\logs\throughput_all_ldpc_mcs_ebn0_0_2_16_20260524_161606\offline_gpu\DVB_S2_short_N16200_rate_1_4_16qam_cuda-bp_EbN0_2dB.log,history_throughput_ccsds_dvbs2,DVB-S2,DVB_S2_short_N16200_rate_1_4,LDPC,DVB-S2,16200,3240,0.2,CUDA BP,16qam,2.0,1.03,2000.0,2000.0,NA,NA,1.0,NA,0.0,58.52,NA,NA,582.33,3.15,NA,0.089,16.4764,
E:\Codex\usrp_plt_1\build\uhd_cpp_gpu_pipeline\logs\throughput_all_ldpc_mcs_ebn0_0_2_16_20260524_161606\offline_gpu\DVB_S2_short_N16200_rate_1_4_16qam_cuda-bp_EbN0_4dB.log,history_throughput_ccsds_dvbs2,DVB-S2,DVB_S2_short_N16200_rate_1_4,LDPC,DVB-S2,16200,3240,0.2,CUDA BP,16qam,4.0,3.03,2000.0,2000.0,NA,NA,1.0,NA,0.0,56.34,NA,NA,515.62,3.03,NA,0.1005,17.0916,
E:\Codex\usrp_plt_1\build\uhd_cpp_gpu_pipeline\logs\throughput_all_ldpc_mcs_ebn0_0_2_16_20260524_161606\offline_gpu\DVB_S2_short_N16200_rate_1_4_16qam_cuda-bp_EbN0_6dB.log,history_throughput_ccsds_dvbs2,DVB-S2,DVB_S2_short_N16200_rate_1_4,LDPC,DVB-S2,16200,3240,0.2,CUDA BP,16qam,6.0,5.03,2000.0,0.0,NA,NA,0.0,NA,13.32,256.89,NA,NA,575.22,15.75,NA,0.0901,3.2911,
E:\Codex\usrp_plt_1\build\uhd_cpp_gpu_pipeline\logs\throughput_all_ldpc_mcs_ebn0_0_2_16_20260524_161606\offline_gpu\DVB_S2_short_N16200_rate_1_4_16qam_cuda-bp_EbN0_8dB.log,history_throughput_ccsds_dvbs2,DVB-S2,DVB_S2_short_N16200_rate_1_4,LDPC,DVB-S2,16200,3240,0.2,CUDA BP,16qam,8.0,7.03,2000.0,0.0,NA,NA,0.0,NA,21.34,411.73,NA,NA,573.63,28.08,NA,0.0904,1.8463,
E:\Codex\usrp_plt_1\build\uhd_cpp_gpu_pipeline\logs\throughput_all_ldpc_mcs_ebn0_0_2_16_20260524_161606\offline_gpu\DVB_S2_short_N16200_rate_1_4_16qam_cuda-bp_EbN0_10dB.log,history_throughput_ccsds_dvbs2,DVB-S2,DVB_S2_short_N16200_rate_1_4,LDPC,DVB-S2,16200,3240,0.2,CUDA BP,16qam,10.0,9.03,2000.0,0.0,NA,NA,0.0,NA,29.08,561.02,NA,NA,607.8,42.28,NA,0.0853,1.2262,
E:\Codex\usrp_plt_1\build\uhd_cpp_gpu_pipeline\logs\throughput_all_ldpc_mcs_ebn0_0_2_16_20260524_161606\offline_gpu\DVB_S2_short_N16200_rate_1_4_16qam_cuda-bp_EbN0_12dB.log,history_throughput_ccsds_dvbs2,DVB-S2,DVB_S2_short_N16200_rate_1_4,LDPC,DVB-S2,16200,3240,0.2,CUDA BP,16qam,12.0,11.03,2000.0,0.0,NA,NA,0.0,NA,35.38,682.4,NA,NA,607.44,56.49,NA,0.0853,0.9176,
E:\Codex\usrp_plt_1\build\uhd_cpp_gpu_pipeline\logs\throughput_all_ldpc_mcs_ebn0_0_2_16_20260524_161606\offline_gpu\DVB_S2_short_N16200_rate_1_4_16qam_cuda-bp_EbN0_14dB.log,history_throughput_ccsds_dvbs2,DVB-S2,DVB_S2_short_N16200_rate_1_4,LDPC,DVB-S2,16200,3240,0.2,CUDA BP,16qam,14.0,13.03,2000.0,0.0,NA,NA,0.0,NA,38.79,748.33,NA,NA,628.38,64.47,NA,0.0825,0.8041,
E:\Codex\usrp_plt_1\build\uhd_cpp_gpu_pipeline\logs\throughput_all_ldpc_mcs_ebn0_0_2_16_20260524_161606\offline_gpu\DVB_S2_short_N16200_rate_1_4_16qam_cuda-bp_EbN0_16dB.log,history_throughput_ccsds_dvbs2,DVB-S2,DVB_S2_short_N16200_rate_1_4,LDPC,DVB-S2,16200,3240,0.2,CUDA BP,16qam,16.0,15.03,2000.0,0.0,NA,NA,0.0,NA,48.7,939.41,NA,NA,648.17,97.04,NA,0.08,0.5342,
E:\Codex\usrp_plt_1\build\uhd_cpp_gpu_pipeline\logs\throughput_all_ldpc_mcs_ebn0_0_2_16_20260524_161606\offline_gpu\DVB_S2_short_N16200_rate_1_4_64qam_cuda-bp_EbN0_0dB.log,history_throughput_ccsds_dvbs2,DVB-S2,DVB_S2_short_N16200_rate_1_4,LDPC,DVB-S2,16200,3240,0.2,CUDA BP,64qam,0.0,0.79,2000.0,2000.0,NA,NA,1.0,NA,0.0,44.01,NA,NA,227.85,3.59,NA,0.3413,21.6606,
E:\Codex\usrp_plt_1\build\uhd_cpp_gpu_pipeline\logs\throughput_all_ldpc_mcs_ebn0_0_2_16_20260524_161606\offline_gpu\DVB_S2_short_N16200_rate_1_4_64qam_cuda-bp_EbN0_2dB.log,history_throughput_ccsds_dvbs2,DVB-S2,DVB_S2_short_N16200_rate_1_4,LDPC,DVB-S2,16200,3240,0.2,CUDA BP,64qam,2.0,2.79,2000.0,2000.0,NA,NA,1.0,NA,0.0,45.2,NA,NA,224.11,3.69,NA,0.347,21.0707,
E:\Codex\usrp_plt_1\build\uhd_cpp_gpu_pipeline\logs\throughput_all_ldpc_mcs_ebn0_0_2_16_20260524_161606\offline_gpu\DVB_S2_short_N16200_rate_1_4_64qam_cuda-bp_EbN0_4dB.log,history_throughput_ccsds_dvbs2,DVB-S2,DVB_S2_short_N16200_rate_1_4,LDPC,DVB-S2,16200,3240,0.2,CUDA BP,64qam,4.0,4.79,2000.0,2000.0,NA,NA,1.0,NA,0.0,44.78,NA,NA,224.93,3.65,NA,0.3457,21.2751,
E:\Codex\usrp_plt_1\build\uhd_cpp_gpu_pipeline\logs\throughput_all_ldpc_mcs_ebn0_0_2_16_20260524_161606\offline_gpu\DVB_S2_short_N16200_rate_1_4_64qam_cuda-bp_EbN0_6dB.log,history_throughput_ccsds_dvbs2,DVB-S2,DVB_S2_short_N16200_rate_1_4,LDPC,DVB-S2,16200,3240,0.2,CUDA BP,64qam,6.0,6.79,2000.0,6.0,NA,NA,0.003,NA,8.99,115.94,NA,NA,228.73,10.25,NA,0.34,7.5899,
E:\Codex\usrp_plt_1\build\uhd_cpp_gpu_pipeline\logs\throughput_all_ldpc_mcs_ebn0_0_2_16_20260524_161606\offline_gpu\DVB_S2_short_N16200_rate_1_4_64qam_cuda-bp_EbN0_8dB.log,history_throughput_ccsds_dvbs2,DVB-S2,DVB_S2_short_N16200_rate_1_4,LDPC,DVB-S2,16200,3240,0.2,CUDA BP,64qam,8.0,8.79,2000.0,0.0,NA,NA,0.0,NA,17.3,222.52,NA,NA,229.35,22.41,NA,0.3391,3.4692,
E:\Codex\usrp_plt_1\build\uhd_cpp_gpu_pipeline\logs\throughput_all_ldpc_mcs_ebn0_0_2_16_20260524_161606\offline_gpu\DVB_S2_short_N16200_rate_1_4_64qam_cuda-bp_EbN0_10dB.log,history_throughput_ccsds_dvbs2,DVB-S2,DVB_S2_short_N16200_rate_1_4,LDPC,DVB-S2,16200,3240,0.2,CUDA BP,64qam,10.0,10.79,2000.0,0.0,NA,NA,0.0,NA,23.45,301.55,NA,NA,231.93,33.6,NA,0.3353,2.3145,
E:\Codex\usrp_plt_1\build\uhd_cpp_gpu_pipeline\logs\throughput_all_ldpc_mcs_ebn0_0_2_16_20260524_161606\offline_gpu\DVB_S2_short_N16200_rate_1_4_64qam_cuda-bp_EbN0_12dB.log,history_throughput_ccsds_dvbs2,DVB-S2,DVB_S2_short_N16200_rate_1_4,LDPC,DVB-S2,16200,3240,0.2,CUDA BP,64qam,12.0,12.79,2000.0,0.0,NA,NA,0.0,NA,29.29,376.71,NA,NA,234.41,46.39,NA,0.3317,1.6761,
E:\Codex\usrp_plt_1\build\uhd_cpp_gpu_pipeline\logs\throughput_all_ldpc_mcs_ebn0_0_2_16_20260524_161606\offline_gpu\DVB_S2_short_N16200_rate_1_4_64qam_cuda-bp_EbN0_14dB.log,history_throughput_ccsds_dvbs2,DVB-S2,DVB_S2_short_N16200_rate_1_4,LDPC,DVB-S2,16200,3240,0.2,CUDA BP,64qam,14.0,14.79,2000.0,0.0,NA,NA,0.0,NA,31.95,410.87,NA,NA,223.44,54.0,NA,0.348,1.4399,
E:\Codex\usrp_plt_1\build\uhd_cpp_gpu_pipeline\logs\throughput_all_ldpc_mcs_ebn0_0_2_16_20260524_161606\offline_gpu\DVB_S2_short_N16200_rate_1_4_64qam_cuda-bp_EbN0_16dB.log,history_throughput_ccsds_dvbs2,DVB-S2,DVB_S2_short_N16200_rate_1_4,LDPC,DVB-S2,16200,3240,0.2,CUDA BP,64qam,16.0,16.79,2000.0,0.0,NA,NA,0.0,NA,38.18,490.94,NA,NA,231.33,72.69,NA,0.3361,1.0697,
E:\Codex\usrp_plt_1\build\uhd_cpp_gpu_pipeline\logs\throughput_all_ldpc_mcs_ebn0_0_2_16_20260524_161606\offline_gpu\DVB_S2_short_N16200_rate_5_6_bpsk_cuda-bp_EbN0_0dB.log,history_throughput_ccsds_dvbs2,DVB-S2,DVB_S2_short_N16200_rate_5_6,LDPC,DVB-S2,16200,13320,0.822222222222222,CUDA BP,bpsk,0.0,-0.85,2000.0,2000.0,NA,NA,1.0,NA,0.0,83.71,NA,NA,1077.04,4.58,NA,0.0495,11.6333,
E:\Codex\usrp_plt_1\build\uhd_cpp_gpu_pipeline\logs\throughput_all_ldpc_mcs_ebn0_0_2_16_20260524_161606\offline_gpu\DVB_S2_short_N16200_rate_5_6_bpsk_cuda-bp_EbN0_2dB.log,history_throughput_ccsds_dvbs2,DVB-S2,DVB_S2_short_N16200_rate_5_6,LDPC,DVB-S2,16200,13320,0.822222222222222,CUDA BP,bpsk,2.0,1.15,2000.0,2000.0,NA,NA,1.0,NA,0.0,83.94,NA,NA,1095.28,4.59,NA,0.0486,11.6038,
E:\Codex\usrp_plt_1\build\uhd_cpp_gpu_pipeline\logs\throughput_all_ldpc_mcs_ebn0_0_2_16_20260524_161606\offline_gpu\DVB_S2_short_N16200_rate_5_6_bpsk_cuda-bp_EbN0_4dB.log,history_throughput_ccsds_dvbs2,DVB-S2,DVB_S2_short_N16200_rate_5_6,LDPC,DVB-S2,16200,13320,0.822222222222222,CUDA BP,bpsk,4.0,3.15,2000.0,0.0,NA,NA,0.0,NA,45.75,858.76,NA,NA,1173.45,56.74,NA,0.0454,0.9391,
E:\Codex\usrp_plt_1\build\uhd_cpp_gpu_pipeline\logs\throughput_all_ldpc_mcs_ebn0_0_2_16_20260524_161606\offline_gpu\DVB_S2_short_N16200_rate_5_6_bpsk_cuda-bp_EbN0_6dB.log,history_throughput_ccsds_dvbs2,DVB-S2,DVB_S2_short_N16200_rate_5_6,LDPC,DVB-S2,16200,13320,0.822222222222222,CUDA BP,bpsk,6.0,5.15,2000.0,0.0,NA,NA,0.0,NA,70.61,1325.25,NA,NA,1178.28,100.86,NA,0.0452,0.5283,
E:\Codex\usrp_plt_1\build\uhd_cpp_gpu_pipeline\logs\throughput_all_ldpc_mcs_ebn0_0_2_16_20260524_161606\offline_gpu\DVB_S2_short_N16200_rate_5_6_bpsk_cuda-bp_EbN0_8dB.log,history_throughput_ccsds_dvbs2,DVB-S2,DVB_S2_short_N16200_rate_5_6,LDPC,DVB-S2,16200,13320,0.822222222222222,CUDA BP,bpsk,8.0,7.15,2000.0,0.0,NA,NA,0.0,NA,95.36,1789.84,NA,NA,1178.25,160.48,NA,0.0452,0.332,
E:\Codex\usrp_plt_1\build\uhd_cpp_gpu_pipeline\logs\throughput_all_ldpc_mcs_ebn0_0_2_16_20260524_161606\offline_gpu\DVB_S2_short_N16200_rate_5_6_bpsk_cuda-bp_EbN0_10dB.log,history_throughput_ccsds_dvbs2,DVB-S2,DVB_S2_short_N16200_rate_5_6,LDPC,DVB-S2,16200,13320,0.822222222222222,CUDA BP,bpsk,10.0,9.15,2000.0,0.0,NA,NA,0.0,NA,95.98,1801.44,NA,NA,1190.55,160.94,NA,0.0448,0.3311,
E:\Codex\usrp_plt_1\build\uhd_cpp_gpu_pipeline\logs\throughput_all_ldpc_mcs_ebn0_0_2_16_20260524_161606\offline_gpu\DVB_S2_short_N16200_rate_5_6_bpsk_cuda-bp_EbN0_12dB.log,history_throughput_ccsds_dvbs2,DVB-S2,DVB_S2_short_N16200_rate_5_6,LDPC,DVB-S2,16200,13320,0.822222222222222,CUDA BP,bpsk,12.0,11.15,2000.0,0.0,NA,NA,0.0,NA,95.39,1790.34,NA,NA,1190.24,159.73,NA,0.0448,0.3336,
E:\Codex\usrp_plt_1\build\uhd_cpp_gpu_pipeline\logs\throughput_all_ldpc_mcs_ebn0_0_2_16_20260524_161606\offline_gpu\DVB_S2_short_N16200_rate_5_6_bpsk_cuda-bp_EbN0_14dB.log,history_throughput_ccsds_dvbs2,DVB-S2,DVB_S2_short_N16200_rate_5_6,LDPC,DVB-S2,16200,13320,0.822222222222222,CUDA BP,bpsk,14.0,13.15,2000.0,0.0,NA,NA,0.0,NA,96.23,1806.05,NA,NA,1182.7,161.56,NA,0.045,0.3298,
E:\Codex\usrp_plt_1\build\uhd_cpp_gpu_pipeline\logs\throughput_all_ldpc_mcs_ebn0_0_2_16_20260524_161606\offline_gpu\DVB_S2_short_N16200_rate_5_6_bpsk_cuda-bp_EbN0_16dB.log,history_throughput_ccsds_dvbs2,DVB-S2,DVB_S2_short_N16200_rate_5_6,LDPC,DVB-S2,16200,13320,0.822222222222222,CUDA BP,bpsk,16.0,15.15,2000.0,0.0,NA,NA,0.0,NA,95.07,1784.26,NA,NA,1177.67,159.28,NA,0.0452,0.3345,
E:\Codex\usrp_plt_1\build\uhd_cpp_gpu_pipeline\logs\throughput_all_ldpc_mcs_ebn0_0_2_16_20260524_161606\offline_gpu\DVB_S2_short_N16200_rate_5_6_qpsk_cuda-bp_EbN0_0dB.log,history_throughput_ccsds_dvbs2,DVB-S2,DVB_S2_short_N16200_rate_5_6,LDPC,DVB-S2,16200,13320,0.822222222222222,CUDA BP,qpsk,0.0,2.16,2000.0,2000.0,NA,NA,1.0,NA,0.0,79.27,NA,NA,1839.81,8.81,NA,0.0579,12.1017,
E:\Codex\usrp_plt_1\build\uhd_cpp_gpu_pipeline\logs\throughput_all_ldpc_mcs_ebn0_0_2_16_20260524_161606\offline_gpu\DVB_S2_short_N16200_rate_5_6_qpsk_cuda-bp_EbN0_2dB.log,history_throughput_ccsds_dvbs2,DVB-S2,DVB_S2_short_N16200_rate_5_6,LDPC,DVB-S2,16200,13320,0.822222222222222,CUDA BP,qpsk,2.0,4.16,2000.0,2000.0,NA,NA,1.0,NA,0.0,79.62,NA,NA,1809.97,8.84,NA,0.0589,12.053,
E:\Codex\usrp_plt_1\build\uhd_cpp_gpu_pipeline\logs\throughput_all_ldpc_mcs_ebn0_0_2_16_20260524_161606\offline_gpu\DVB_S2_short_N16200_rate_5_6_qpsk_cuda-bp_EbN0_4dB.log,history_throughput_ccsds_dvbs2,DVB-S2,DVB_S2_short_N16200_rate_5_6,LDPC,DVB-S2,16200,13320,0.822222222222222,CUDA BP,qpsk,4.0,6.16,2000.0,0.0,NA,NA,0.0,NA,73.75,692.08,NA,NA,2154.43,98.0,NA,0.0495,1.0873,
E:\Codex\usrp_plt_1\build\uhd_cpp_gpu_pipeline\logs\throughput_all_ldpc_mcs_ebn0_0_2_16_20260524_161606\offline_gpu\DVB_S2_short_N16200_rate_5_6_qpsk_cuda-bp_EbN0_6dB.log,history_throughput_ccsds_dvbs2,DVB-S2,DVB_S2_short_N16200_rate_5_6,LDPC,DVB-S2,16200,13320,0.822222222222222,CUDA BP,qpsk,6.0,8.16,2000.0,0.0,NA,NA,0.0,NA,109.0,1022.88,NA,NA,2148.21,171.24,NA,0.0496,0.6223,
E:\Codex\usrp_plt_1\build\uhd_cpp_gpu_pipeline\logs\throughput_all_ldpc_mcs_ebn0_0_2_16_20260524_161606\offline_gpu\DVB_S2_short_N16200_rate_5_6_qpsk_cuda-bp_EbN0_8dB.log,history_throughput_ccsds_dvbs2,DVB-S2,DVB_S2_short_N16200_rate_5_6,LDPC,DVB-S2,16200,13320,0.822222222222222,CUDA BP,qpsk,8.0,10.16,2000.0,0.0,NA,NA,0.0,NA,143.52,1346.83,NA,NA,2198.17,272.94,NA,0.0485,0.3904,
E:\Codex\usrp_plt_1\build\uhd_cpp_gpu_pipeline\logs\throughput_all_ldpc_mcs_ebn0_0_2_16_20260524_161606\offline_gpu\DVB_S2_short_N16200_rate_5_6_qpsk_cuda-bp_EbN0_10dB.log,history_throughput_ccsds_dvbs2,DVB-S2,DVB_S2_short_N16200_rate_5_6,LDPC,DVB-S2,16200,13320,0.822222222222222,CUDA BP,qpsk,10.0,12.16,2000.0,0.0,NA,NA,0.0,NA,142.08,1333.34,NA,NA,2166.61,269.71,NA,0.0492,0.3951,
E:\Codex\usrp_plt_1\build\uhd_cpp_gpu_pipeline\logs\throughput_all_ldpc_mcs_ebn0_0_2_16_20260524_161606\offline_gpu\DVB_S2_short_N16200_rate_5_6_qpsk_cuda-bp_EbN0_12dB.log,history_throughput_ccsds_dvbs2,DVB-S2,DVB_S2_short_N16200_rate_5_6,LDPC,DVB-S2,16200,13320,0.822222222222222,CUDA BP,qpsk,12.0,14.16,2000.0,0.0,NA,NA,0.0,NA,144.23,1353.48,NA,NA,2201.98,275.85,NA,0.0484,0.3863,
E:\Codex\usrp_plt_1\build\uhd_cpp_gpu_pipeline\logs\throughput_all_ldpc_mcs_ebn0_0_2_16_20260524_161606\offline_gpu\DVB_S2_short_N16200_rate_5_6_qpsk_cuda-bp_EbN0_14dB.log,history_throughput_ccsds_dvbs2,DVB-S2,DVB_S2_short_N16200_rate_5_6,LDPC,DVB-S2,16200,13320,0.822222222222222,CUDA BP,qpsk,14.0,16.16,2000.0,0.0,NA,NA,0.0,NA,141.63,1329.12,NA,NA,2140.64,268.44,NA,0.0498,0.397,
E:\Codex\usrp_plt_1\build\uhd_cpp_gpu_pipeline\logs\throughput_all_ldpc_mcs_ebn0_0_2_16_20260524_161606\offline_gpu\DVB_S2_short_N16200_rate_5_6_qpsk_cuda-bp_EbN0_16dB.log,history_throughput_ccsds_dvbs2,DVB-S2,DVB_S2_short_N16200_rate_5_6,LDPC,DVB-S2,16200,13320,0.822222222222222,CUDA BP,qpsk,16.0,18.16,2000.0,0.0,NA,NA,0.0,NA,138.81,1302.61,NA,NA,2181.34,258.72,NA,0.0489,0.4119,
E:\Codex\usrp_plt_1\build\uhd_cpp_gpu_pipeline\logs\throughput_all_ldpc_mcs_ebn0_0_2_16_20260524_161606\offline_gpu\DVB_S2_short_N16200_rate_5_6_16qam_cuda-bp_EbN0_0dB.log,history_throughput_ccsds_dvbs2,DVB-S2,DVB_S2_short_N16200_rate_5_6,LDPC,DVB-S2,16200,13320,0.822222222222222,CUDA BP,16qam,0.0,5.17,2000.0,2000.0,NA,NA,1.0,NA,0.0,60.92,NA,NA,2520.94,13.76,NA,0.0845,15.4877,
E:\Codex\usrp_plt_1\build\uhd_cpp_gpu_pipeline\logs\throughput_all_ldpc_mcs_ebn0_0_2_16_20260524_161606\offline_gpu\DVB_S2_short_N16200_rate_5_6_16qam_cuda-bp_EbN0_2dB.log,history_throughput_ccsds_dvbs2,DVB-S2,DVB_S2_short_N16200_rate_5_6,LDPC,DVB-S2,16200,13320,0.822222222222222,CUDA BP,16qam,2.0,7.17,2000.0,2000.0,NA,NA,1.0,NA,0.0,60.58,NA,NA,2499.89,13.66,NA,0.0853,15.607,
E:\Codex\usrp_plt_1\build\uhd_cpp_gpu_pipeline\logs\throughput_all_ldpc_mcs_ebn0_0_2_16_20260524_161606\offline_gpu\DVB_S2_short_N16200_rate_5_6_16qam_cuda-bp_EbN0_4dB.log,history_throughput_ccsds_dvbs2,DVB-S2,DVB_S2_short_N16200_rate_5_6,LDPC,DVB-S2,16200,13320,0.822222222222222,CUDA BP,16qam,4.0,9.17,2000.0,2000.0,NA,NA,1.0,NA,0.0,59.46,NA,NA,2280.4,13.42,NA,0.0935,15.8829,
E:\Codex\usrp_plt_1\build\uhd_cpp_gpu_pipeline\logs\throughput_all_ldpc_mcs_ebn0_0_2_16_20260524_161606\offline_gpu\DVB_S2_short_N16200_rate_5_6_16qam_cuda-bp_EbN0_6dB.log,history_throughput_ccsds_dvbs2,DVB-S2,DVB_S2_short_N16200_rate_5_6,LDPC,DVB-S2,16200,13320,0.822222222222222,CUDA BP,16qam,6.0,11.17,2000.0,2000.0,NA,NA,1.0,NA,0.0,61.32,NA,NA,2382.17,13.85,NA,0.0895,15.3842,
E:\Codex\usrp_plt_1\build\uhd_cpp_gpu_pipeline\logs\throughput_all_ldpc_mcs_ebn0_0_2_16_20260524_161606\offline_gpu\DVB_S2_short_N16200_rate_5_6_16qam_cuda-bp_EbN0_8dB.log,history_throughput_ccsds_dvbs2,DVB-S2,DVB_S2_short_N16200_rate_5_6,LDPC,DVB-S2,16200,13320,0.822222222222222,CUDA BP,16qam,8.0,13.17,2000.0,0.0,NA,NA,0.0,NA,99.62,467.41,NA,NA,2517.13,154.21,NA,0.0847,1.382,
E:\Codex\usrp_plt_1\build\uhd_cpp_gpu_pipeline\logs\throughput_all_ldpc_mcs_ebn0_0_2_16_20260524_161606\offline_gpu\DVB_S2_short_N16200_rate_5_6_16qam_cuda-bp_EbN0_10dB.log,history_throughput_ccsds_dvbs2,DVB-S2,DVB_S2_short_N16200_rate_5_6,LDPC,DVB-S2,16200,13320,0.822222222222222,CUDA BP,16qam,10.0,15.17,2000.0,0.0,NA,NA,0.0,NA,150.72,707.19,NA,NA,2681.78,275.34,NA,0.0795,0.774,
E:\Codex\usrp_plt_1\build\uhd_cpp_gpu_pipeline\logs\throughput_all_ldpc_mcs_ebn0_0_2_16_20260524_161606\offline_gpu\DVB_S2_short_N16200_rate_5_6_16qam_cuda-bp_EbN0_12dB.log,history_throughput_ccsds_dvbs2,DVB-S2,DVB_S2_short_N16200_rate_5_6,LDPC,DVB-S2,16200,13320,0.822222222222222,CUDA BP,16qam,12.0,17.17,2000.0,0.0,NA,NA,0.0,NA,181.95,853.75,NA,NA,2606.83,394.5,NA,0.0818,0.5402,
E:\Codex\usrp_plt_1\build\uhd_cpp_gpu_pipeline\logs\throughput_all_ldpc_mcs_ebn0_0_2_16_20260524_161606\offline_gpu\DVB_S2_short_N16200_rate_5_6_16qam_cuda-bp_EbN0_14dB.log,history_throughput_ccsds_dvbs2,DVB-S2,DVB_S2_short_N16200_rate_5_6,LDPC,DVB-S2,16200,13320,0.822222222222222,CUDA BP,16qam,14.0,19.17,2000.0,0.0,NA,NA,0.0,NA,181.68,852.47,NA,NA,2557.83,397.17,NA,0.0833,0.5366,
E:\Codex\usrp_plt_1\build\uhd_cpp_gpu_pipeline\logs\throughput_all_ldpc_mcs_ebn0_0_2_16_20260524_161606\offline_gpu\DVB_S2_short_N16200_rate_5_6_16qam_cuda-bp_EbN0_16dB.log,history_throughput_ccsds_dvbs2,DVB-S2,DVB_S2_short_N16200_rate_5_6,LDPC,DVB-S2,16200,13320,0.822222222222222,CUDA BP,16qam,16.0,21.17,2000.0,0.0,NA,NA,0.0,NA,179.26,841.12,NA,NA,2601.06,385.55,NA,0.0819,0.5528,
E:\Codex\usrp_plt_1\build\uhd_cpp_gpu_pipeline\logs\throughput_all_ldpc_mcs_ebn0_0_2_16_20260524_161606\offline_gpu\DVB_S2_short_N16200_rate_5_6_64qam_cuda-bp_EbN0_0dB.log,history_throughput_ccsds_dvbs2,DVB-S2,DVB_S2_short_N16200_rate_5_6,LDPC,DVB-S2,16200,13320,0.822222222222222,CUDA BP,64qam,0.0,6.93,2000.0,2000.0,NA,NA,1.0,NA,0.0,54.95,NA,NA,945.54,19.16,NA,0.3381,16.6881,
E:\Codex\usrp_plt_1\build\uhd_cpp_gpu_pipeline\logs\throughput_all_ldpc_mcs_ebn0_0_2_16_20260524_161606\offline_gpu\DVB_S2_short_N16200_rate_5_6_64qam_cuda-bp_EbN0_2dB.log,history_throughput_ccsds_dvbs2,DVB-S2,DVB_S2_short_N16200_rate_5_6,LDPC,DVB-S2,16200,13320,0.822222222222222,CUDA BP,64qam,2.0,8.93,2000.0,2000.0,NA,NA,1.0,NA,0.0,56.38,NA,NA,923.76,19.73,NA,0.3461,16.1997,
E:\Codex\usrp_plt_1\build\uhd_cpp_gpu_pipeline\logs\throughput_all_ldpc_mcs_ebn0_0_2_16_20260524_161606\offline_gpu\DVB_S2_short_N16200_rate_5_6_64qam_cuda-bp_EbN0_4dB.log,history_throughput_ccsds_dvbs2,DVB-S2,DVB_S2_short_N16200_rate_5_6,LDPC,DVB-S2,16200,13320,0.822222222222222,CUDA BP,64qam,4.0,10.93,2000.0,2000.0,NA,NA,1.0,NA,0.0,55.25,NA,NA,951.45,19.33,NA,0.336,16.5396,
E:\Codex\usrp_plt_1\build\uhd_cpp_gpu_pipeline\logs\throughput_all_ldpc_mcs_ebn0_0_2_16_20260524_161606\offline_gpu\DVB_S2_short_N16200_rate_5_6_64qam_cuda-bp_EbN0_6dB.log,history_throughput_ccsds_dvbs2,DVB-S2,DVB_S2_short_N16200_rate_5_6,LDPC,DVB-S2,16200,13320,0.822222222222222,CUDA BP,64qam,6.0,12.93,2000.0,2000.0,NA,NA,1.0,NA,0.0,55.92,NA,NA,938.87,19.56,NA,0.3405,16.3447,
E:\Codex\usrp_plt_1\build\uhd_cpp_gpu_pipeline\logs\throughput_all_ldpc_mcs_ebn0_0_2_16_20260524_161606\offline_gpu\DVB_S2_short_N16200_rate_5_6_64qam_cuda-bp_EbN0_8dB.log,history_throughput_ccsds_dvbs2,DVB-S2,DVB_S2_short_N16200_rate_5_6,LDPC,DVB-S2,16200,13320,0.822222222222222,CUDA BP,64qam,8.0,14.93,2000.0,2000.0,NA,NA,1.0,NA,0.0,54.97,NA,NA,937.28,19.25,NA,0.3411,16.6105,
E:\Codex\usrp_plt_1\build\uhd_cpp_gpu_pipeline\logs\throughput_all_ldpc_mcs_ebn0_0_2_16_20260524_161606\offline_gpu\DVB_S2_short_N16200_rate_5_6_64qam_cuda-bp_EbN0_10dB.log,history_throughput_ccsds_dvbs2,DVB-S2,DVB_S2_short_N16200_rate_5_6,LDPC,DVB-S2,16200,13320,0.822222222222222,CUDA BP,64qam,10.0,16.93,2000.0,2000.0,NA,NA,1.0,NA,0.0,55.93,NA,NA,939.54,19.58,NA,0.3403,16.3293,
E:\Codex\usrp_plt_1\build\uhd_cpp_gpu_pipeline\logs\throughput_all_ldpc_mcs_ebn0_0_2_16_20260524_161606\offline_gpu\DVB_S2_short_N16200_rate_5_6_64qam_cuda-bp_EbN0_12dB.log,history_throughput_ccsds_dvbs2,DVB-S2,DVB_S2_short_N16200_rate_5_6,LDPC,DVB-S2,16200,13320,0.822222222222222,CUDA BP,64qam,12.0,18.93,2000.0,0.0,NA,NA,0.0,NA,117.11,366.34,NA,NA,948.85,227.71,NA,0.3369,1.4039,
E:\Codex\usrp_plt_1\build\uhd_cpp_gpu_pipeline\logs\throughput_all_ldpc_mcs_ebn0_0_2_16_20260524_161606\offline_gpu\DVB_S2_short_N16200_rate_5_6_64qam_cuda-bp_EbN0_14dB.log,history_throughput_ccsds_dvbs2,DVB-S2,DVB_S2_short_N16200_rate_5_6,LDPC,DVB-S2,16200,13320,0.822222222222222,CUDA BP,64qam,14.0,20.93,2000.0,0.0,NA,NA,0.0,NA,138.06,431.87,NA,NA,943.49,312.84,NA,0.3388,1.0219,
E:\Codex\usrp_plt_1\build\uhd_cpp_gpu_pipeline\logs\throughput_all_ldpc_mcs_ebn0_0_2_16_20260524_161606\offline_gpu\DVB_S2_short_N16200_rate_5_6_64qam_cuda-bp_EbN0_16dB.log,history_throughput_ccsds_dvbs2,DVB-S2,DVB_S2_short_N16200_rate_5_6,LDPC,DVB-S2,16200,13320,0.822222222222222,CUDA BP,64qam,16.0,22.93,2000.0,0.0,NA,NA,0.0,NA,166.67,521.36,NA,NA,965.76,458.48,NA,0.331,0.6973,
E:\Codex\usrp_plt_1\build\uhd_cpp_gpu_pipeline\logs\throughput_nr_ldpc_polar_mcs_ebn0_0_2_16_20260602_215345\offline_gpu\LDPC_5G_BG1_N128_K64_H_bpsk_cuda-bp-osd_EbN0_0dB.log,new_nr_throughput,NR-LDPC,LDPC_5G_BG1_N128_K64_H,LDPC,5G NR,138,66,0.4782608695652174,CUDA BP-OSD,bpsk,0.0,NA,10000.0,0.0,NA,NA,NA,NA,8.26,2086.28,NA,NA,93.72,10.78,NA,0.0423,0.3674,throughput-only OK: ; active_sc=552.0
E:\Codex\usrp_plt_1\build\uhd_cpp_gpu_pipeline\logs\throughput_nr_ldpc_polar_mcs_ebn0_0_2_16_20260602_215345\offline_gpu\LDPC_5G_BG1_N128_K64_H_bpsk_cuda-bp-osd_EbN0_2dB.log,new_nr_throughput,NR-LDPC,LDPC_5G_BG1_N128_K64_H,LDPC,5G NR,138,66,0.4782608695652174,CUDA BP-OSD,bpsk,2.0,NA,10000.0,0.0,NA,NA,NA,NA,11.19,2825.95,NA,NA,101.9,16.04,NA,0.0389,0.2468,throughput-only OK: ; active_sc=552.0
E:\Codex\usrp_plt_1\build\uhd_cpp_gpu_pipeline\logs\throughput_nr_ldpc_polar_mcs_ebn0_0_2_16_20260602_215345\offline_gpu\LDPC_5G_BG1_N128_K64_H_bpsk_cuda-bp-osd_EbN0_4dB.log,new_nr_throughput,NR-LDPC,LDPC_5G_BG1_N128_K64_H,LDPC,5G NR,138,66,0.4782608695652174,CUDA BP-OSD,bpsk,4.0,NA,10000.0,0.0,NA,NA,NA,NA,12.76,3221.61,NA,NA,85.16,19.88,NA,0.0465,0.1992,throughput-only OK: ; active_sc=552.0
E:\Codex\usrp_plt_1\build\uhd_cpp_gpu_pipeline\logs\throughput_nr_ldpc_polar_mcs_ebn0_0_2_16_20260602_215345\offline_gpu\LDPC_5G_BG1_N128_K64_H_bpsk_cuda-bp-osd_EbN0_6dB.log,new_nr_throughput,NR-LDPC,LDPC_5G_BG1_N128_K64_H,LDPC,5G NR,138,66,0.4782608695652174,CUDA BP-OSD,bpsk,6.0,NA,10000.0,0.0,NA,NA,NA,NA,27.45,6931.71,NA,NA,86.71,115.59,NA,0.0457,0.0343,throughput-only OK: ; active_sc=552.0
E:\Codex\usrp_plt_1\build\uhd_cpp_gpu_pipeline\logs\throughput_nr_ldpc_polar_mcs_ebn0_0_2_16_20260602_215345\offline_gpu\LDPC_5G_BG1_N128_K64_H_bpsk_cuda-bp-osd_EbN0_8dB.log,new_nr_throughput,NR-LDPC,LDPC_5G_BG1_N128_K64_H,LDPC,5G NR,138,66,0.4782608695652174,CUDA BP-OSD,bpsk,8.0,NA,10000.0,0.0,NA,NA,NA,NA,29.4,7423.09,NA,NA,82.3,208.92,NA,0.0481,0.019,throughput-only OK: ; active_sc=552.0
E:\Codex\usrp_plt_1\build\uhd_cpp_gpu_pipeline\logs\throughput_nr_ldpc_polar_mcs_ebn0_0_2_16_20260602_215345\offline_gpu\LDPC_5G_BG1_N128_K64_H_bpsk_cuda-bp-osd_EbN0_10dB.log,new_nr_throughput,NR-LDPC,LDPC_5G_BG1_N128_K64_H,LDPC,5G NR,138,66,0.4782608695652174,CUDA BP-OSD,bpsk,10.0,NA,10000.0,0.0,NA,NA,NA,NA,31.31,7905.63,NA,NA,84.19,298.01,NA,0.047,0.0133,throughput-only OK: ; active_sc=552.0
E:\Codex\usrp_plt_1\build\uhd_cpp_gpu_pipeline\logs\throughput_nr_ldpc_polar_mcs_ebn0_0_2_16_20260602_215345\offline_gpu\LDPC_5G_BG1_N128_K64_H_bpsk_cuda-bp-osd_EbN0_12dB.log,new_nr_throughput,NR-LDPC,LDPC_5G_BG1_N128_K64_H,LDPC,5G NR,138,66,0.4782608695652174,CUDA BP-OSD,bpsk,12.0,NA,10000.0,0.0,NA,NA,NA,NA,32.47,8198.54,NA,NA,84.81,382.12,NA,0.0467,0.0104,throughput-only OK: ; active_sc=552.0
E:\Codex\usrp_plt_1\build\uhd_cpp_gpu_pipeline\logs\throughput_nr_ldpc_polar_mcs_ebn0_0_2_16_20260602_215345\offline_gpu\LDPC_5G_BG1_N128_K64_H_bpsk_cuda-bp-osd_EbN0_14dB.log,new_nr_throughput,NR-LDPC,LDPC_5G_BG1_N128_K64_H,LDPC,5G NR,138,66,0.4782608695652174,CUDA BP-OSD,bpsk,14.0,NA,10000.0,0.0,NA,NA,NA,NA,32.57,8224.55,NA,NA,85.1,386.86,NA,0.0465,0.0102,throughput-only OK: ; active_sc=552.0
E:\Codex\usrp_plt_1\build\uhd_cpp_gpu_pipeline\logs\throughput_nr_ldpc_polar_mcs_ebn0_0_2_16_20260602_215345\offline_gpu\LDPC_5G_BG1_N128_K64_H_bpsk_cuda-bp-osd_EbN0_16dB.log,new_nr_throughput,NR-LDPC,LDPC_5G_BG1_N128_K64_H,LDPC,5G NR,138,66,0.4782608695652174,CUDA BP-OSD,bpsk,16.0,NA,10000.0,0.0,NA,NA,NA,NA,31.78,8025.04,NA,NA,83.04,374.54,NA,0.0477,0.0106,throughput-only OK: ; active_sc=552.0
E:\Codex\usrp_plt_1\build\uhd_cpp_gpu_pipeline\logs\throughput_nr_ldpc_polar_mcs_ebn0_0_2_16_20260602_215345\offline_gpu\LDPC_5G_BG1_N128_K64_H_qpsk_cuda-bp-osd_EbN0_0dB.log,new_nr_throughput,NR-LDPC,LDPC_5G_BG1_N128_K64_H,LDPC,5G NR,138,66,0.4782608695652174,CUDA BP-OSD,qpsk,0.0,NA,10000.0,0.0,NA,NA,NA,NA,10.58,1335.64,NA,NA,158.26,12.83,NA,0.05,0.6171,throughput-only OK: ; active_sc=552.0
E:\Codex\usrp_plt_1\build\uhd_cpp_gpu_pipeline\logs\throughput_nr_ldpc_polar_mcs_ebn0_0_2_16_20260602_215345\offline_gpu\LDPC_5G_BG1_N128_K64_H_qpsk_cuda-bp-osd_EbN0_2dB.log,new_nr_throughput,NR-LDPC,LDPC_5G_BG1_N128_K64_H,LDPC,5G NR,138,66,0.4782608695652174,CUDA BP-OSD,qpsk,2.0,NA,10000.0,0.0,NA,NA,NA,NA,17.42,2198.88,NA,NA,163.3,24.31,NA,0.0485,0.3258,throughput-only OK: ; active_sc=552.0
E:\Codex\usrp_plt_1\build\uhd_cpp_gpu_pipeline\logs\throughput_nr_ldpc_polar_mcs_ebn0_0_2_16_20260602_215345\offline_gpu\LDPC_5G_BG1_N128_K64_H_qpsk_cuda-bp-osd_EbN0_4dB.log,new_nr_throughput,NR-LDPC,LDPC_5G_BG1_N128_K64_H,LDPC,5G NR,138,66,0.4782608695652174,CUDA BP-OSD,qpsk,4.0,NA,10000.0,0.0,NA,NA,NA,NA,22.84,2883.96,NA,NA,164.13,36.28,NA,0.0483,0.2183,throughput-only OK: ; active_sc=552.0
E:\Codex\usrp_plt_1\build\uhd_cpp_gpu_pipeline\logs\throughput_nr_ldpc_polar_mcs_ebn0_0_2_16_20260602_215345\offline_gpu\LDPC_5G_BG1_N128_K64_H_qpsk_cuda-bp-osd_EbN0_6dB.log,new_nr_throughput,NR-LDPC,LDPC_5G_BG1_N128_K64_H,LDPC,5G NR,138,66,0.4782608695652174,CUDA BP-OSD,qpsk,6.0,NA,10000.0,0.0,NA,NA,NA,NA,43.67,5514.21,NA,NA,166.93,159.52,NA,0.0474,0.0496,throughput-only OK: ; active_sc=552.0
E:\Codex\usrp_plt_1\build\uhd_cpp_gpu_pipeline\logs\throughput_nr_ldpc_polar_mcs_ebn0_0_2_16_20260602_215345\offline_gpu\LDPC_5G_BG1_N128_K64_H_qpsk_cuda-bp-osd_EbN0_8dB.log,new_nr_throughput,NR-LDPC,LDPC_5G_BG1_N128_K64_H,LDPC,5G NR,138,66,0.4782608695652174,CUDA BP-OSD,qpsk,8.0,NA,10000.0,0.0,NA,NA,NA,NA,50.01,6314.84,NA,NA,162.3,335.92,NA,0.0488,0.0236,throughput-only OK: ; active_sc=552.0
E:\Codex\usrp_plt_1\build\uhd_cpp_gpu_pipeline\logs\throughput_nr_ldpc_polar_mcs_ebn0_0_2_16_20260602_215345\offline_gpu\LDPC_5G_BG1_N128_K64_H_qpsk_cuda-bp-osd_EbN0_10dB.log,new_nr_throughput,NR-LDPC,LDPC_5G_BG1_N128_K64_H,LDPC,5G NR,138,66,0.4782608695652174,CUDA BP-OSD,qpsk,10.0,NA,10000.0,0.0,NA,NA,NA,NA,51.89,6551.2,NA,NA,163.81,427.01,NA,0.0483,0.0185,throughput-only OK: ; active_sc=552.0
E:\Codex\usrp_plt_1\build\uhd_cpp_gpu_pipeline\logs\throughput_nr_ldpc_polar_mcs_ebn0_0_2_16_20260602_215345\offline_gpu\LDPC_5G_BG1_N128_K64_H_qpsk_cuda-bp-osd_EbN0_12dB.log,new_nr_throughput,NR-LDPC,LDPC_5G_BG1_N128_K64_H,LDPC,5G NR,138,66,0.4782608695652174,CUDA BP-OSD,qpsk,12.0,NA,10000.0,0.0,NA,NA,NA,NA,53.46,6750.43,NA,NA,166.44,517.04,NA,0.0476,0.0153,throughput-only OK: ; active_sc=552.0
E:\Codex\usrp_plt_1\build\uhd_cpp_gpu_pipeline\logs\throughput_nr_ldpc_polar_mcs_ebn0_0_2_16_20260602_215345\offline_gpu\LDPC_5G_BG1_N128_K64_H_qpsk_cuda-bp-osd_EbN0_14dB.log,new_nr_throughput,NR-LDPC,LDPC_5G_BG1_N128_K64_H,LDPC,5G NR,138,66,0.4782608695652174,CUDA BP-OSD,qpsk,14.0,NA,10000.0,0.0,NA,NA,NA,NA,52.12,6581.15,NA,NA,160.96,508.31,NA,0.0492,0.0156,throughput-only OK: ; active_sc=552.0
E:\Codex\usrp_plt_1\build\uhd_cpp_gpu_pipeline\logs\throughput_nr_ldpc_polar_mcs_ebn0_0_2_16_20260602_215345\offline_gpu\LDPC_5G_BG1_N128_K64_H_qpsk_cuda-bp-osd_EbN0_16dB.log,new_nr_throughput,NR-LDPC,LDPC_5G_BG1_N128_K64_H,LDPC,5G NR,138,66,0.4782608695652174,CUDA BP-OSD,qpsk,16.0,NA,10000.0,0.0,NA,NA,NA,NA,53.66,6775.61,NA,NA,165.48,523.36,NA,0.0479,0.0151,throughput-only OK: ; active_sc=552.0
E:\Codex\usrp_plt_1\build\uhd_cpp_gpu_pipeline\logs\throughput_nr_ldpc_polar_mcs_ebn0_0_2_16_20260602_215345\offline_gpu\LDPC_5G_BG1_N128_K64_H_16qam_cuda-bp-osd_EbN0_0dB.log,new_nr_throughput,NR-LDPC,LDPC_5G_BG1_N128_K64_H,LDPC,5G NR,138,66,0.4782608695652174,CUDA BP-OSD,16qam,0.0,NA,10000.0,0.0,NA,NA,NA,NA,11.71,806.39,NA,NA,247.84,13.5,NA,0.0586,1.076,throughput-only OK: ; active_sc=506.0
E:\Codex\usrp_plt_1\build\uhd_cpp_gpu_pipeline\logs\throughput_nr_ldpc_polar_mcs_ebn0_0_2_16_20260602_215345\offline_gpu\LDPC_5G_BG1_N128_K64_H_16qam_cuda-bp-osd_EbN0_2dB.log,new_nr_throughput,NR-LDPC,LDPC_5G_BG1_N128_K64_H,LDPC,5G NR,138,66,0.4782608695652174,CUDA BP-OSD,16qam,2.0,NA,10000.0,0.0,NA,NA,NA,NA,11.84,815.14,NA,NA,255.49,13.66,NA,0.0568,1.0628,throughput-only OK: ; active_sc=506.0
E:\Codex\usrp_plt_1\build\uhd_cpp_gpu_pipeline\logs\throughput_nr_ldpc_polar_mcs_ebn0_0_2_16_20260602_215345\offline_gpu\LDPC_5G_BG1_N128_K64_H_16qam_cuda-bp-osd_EbN0_4dB.log,new_nr_throughput,NR-LDPC,LDPC_5G_BG1_N128_K64_H,LDPC,5G NR,138,66,0.4782608695652174,CUDA BP-OSD,16qam,4.0,NA,10000.0,0.0,NA,NA,NA,NA,13.39,922.52,NA,NA,265.26,15.66,NA,0.0547,0.9274,throughput-only OK: ; active_sc=506.0
E:\Codex\usrp_plt_1\build\uhd_cpp_gpu_pipeline\logs\throughput_nr_ldpc_polar_mcs_ebn0_0_2_16_20260602_215345\offline_gpu\LDPC_5G_BG1_N128_K64_H_16qam_cuda-bp-osd_EbN0_6dB.log,new_nr_throughput,NR-LDPC,LDPC_5G_BG1_N128_K64_H,LDPC,5G NR,138,66,0.4782608695652174,CUDA BP-OSD,16qam,6.0,NA,10000.0,0.0,NA,NA,NA,NA,29.63,2040.37,NA,NA,250.0,43.77,NA,0.0581,0.3317,throughput-only OK: ; active_sc=506.0
E:\Codex\usrp_plt_1\build\uhd_cpp_gpu_pipeline\logs\throughput_nr_ldpc_polar_mcs_ebn0_0_2_16_20260602_215345\offline_gpu\LDPC_5G_BG1_N128_K64_H_16qam_cuda-bp-osd_EbN0_8dB.log,new_nr_throughput,NR-LDPC,LDPC_5G_BG1_N128_K64_H,LDPC,5G NR,138,66,0.4782608695652174,CUDA BP-OSD,16qam,8.0,NA,10000.0,0.0,NA,NA,NA,NA,37.9,2610.53,NA,NA,240.58,66.51,NA,0.0604,0.2183,throughput-only OK: ; active_sc=506.0
E:\Codex\usrp_plt_1\build\uhd_cpp_gpu_pipeline\logs\throughput_nr_ldpc_polar_mcs_ebn0_0_2_16_20260602_215345\offline_gpu\LDPC_5G_BG1_N128_K64_H_16qam_cuda-bp-osd_EbN0_10dB.log,new_nr_throughput,NR-LDPC,LDPC_5G_BG1_N128_K64_H,LDPC,5G NR,138,66,0.4782608695652174,CUDA BP-OSD,16qam,10.0,NA,10000.0,0.0,NA,NA,NA,NA,70.93,4884.73,NA,NA,258.63,276.07,NA,0.0561,0.0526,throughput-only OK: ; active_sc=506.0
E:\Codex\usrp_plt_1\build\uhd_cpp_gpu_pipeline\logs\throughput_nr_ldpc_polar_mcs_ebn0_0_2_16_20260602_215345\offline_gpu\LDPC_5G_BG1_N128_K64_H_16qam_cuda-bp-osd_EbN0_12dB.log,new_nr_throughput,NR-LDPC,LDPC_5G_BG1_N128_K64_H,LDPC,5G NR,138,66,0.4782608695652174,CUDA BP-OSD,16qam,12.0,NA,10000.0,0.0,NA,NA,NA,NA,78.94,5436.74,NA,NA,252.38,478.15,NA,0.0575,0.0304,throughput-only OK: ; active_sc=506.0
E:\Codex\usrp_plt_1\build\uhd_cpp_gpu_pipeline\logs\throughput_nr_ldpc_polar_mcs_ebn0_0_2_16_20260602_215345\offline_gpu\LDPC_5G_BG1_N128_K64_H_16qam_cuda-bp-osd_EbN0_14dB.log,new_nr_throughput,NR-LDPC,LDPC_5G_BG1_N128_K64_H,LDPC,5G NR,138,66,0.4782608695652174,CUDA BP-OSD,16qam,14.0,NA,10000.0,0.0,NA,NA,NA,NA,80.93,5573.61,NA,NA,253.3,568.42,NA,0.0573,0.0255,throughput-only OK: ; active_sc=506.0
E:\Codex\usrp_plt_1\build\uhd_cpp_gpu_pipeline\logs\throughput_nr_ldpc_polar_mcs_ebn0_0_2_16_20260602_215345\offline_gpu\LDPC_5G_BG1_N128_K64_H_16qam_cuda-bp-osd_EbN0_16dB.log,new_nr_throughput,NR-LDPC,LDPC_5G_BG1_N128_K64_H,LDPC,5G NR,138,66,0.4782608695652174,CUDA BP-OSD,16qam,16.0,NA,10000.0,0.0,NA,NA,NA,NA,77.98,5370.36,NA,NA,253.63,606.42,NA,0.0572,0.0239,throughput-only OK: ; active_sc=506.0
E:\Codex\usrp_plt_1\build\uhd_cpp_gpu_pipeline\logs\throughput_nr_ldpc_polar_mcs_ebn0_0_2_16_20260602_215345\offline_gpu\LDPC_5G_BG1_N128_K85_H_bpsk_cuda-bp-osd_EbN0_0dB.log,new_nr_throughput,NR-LDPC,LDPC_5G_BG1_N128_K85_H,LDPC,5G NR,140,88,0.6285714285714286,CUDA BP-OSD,bpsk,0.0,NA,10000.0,0.0,NA,NA,NA,NA,7.55,1589.61,NA,NA,108.53,9.23,NA,0.0438,0.5147,throughput-only OK: ; active_sc=504.0
E:\Codex\usrp_plt_1\build\uhd_cpp_gpu_pipeline\logs\throughput_nr_ldpc_polar_mcs_ebn0_0_2_16_20260602_215345\offline_gpu\LDPC_5G_BG1_N128_K85_H_bpsk_cuda-bp-osd_EbN0_2dB.log,new_nr_throughput,NR-LDPC,LDPC_5G_BG1_N128_K85_H,LDPC,5G NR,140,88,0.6285714285714286,CUDA BP-OSD,bpsk,2.0,NA,10000.0,0.0,NA,NA,NA,NA,9.39,1976.72,NA,NA,96.63,12.37,NA,0.0492,0.3842,throughput-only OK: ; active_sc=504.0
E:\Codex\usrp_plt_1\build\uhd_cpp_gpu_pipeline\logs\throughput_nr_ldpc_polar_mcs_ebn0_0_2_16_20260602_215345\offline_gpu\LDPC_5G_BG1_N128_K85_H_bpsk_cuda-bp-osd_EbN0_4dB.log,new_nr_throughput,NR-LDPC,LDPC_5G_BG1_N128_K85_H,LDPC,5G NR,140,88,0.6285714285714286,CUDA BP-OSD,bpsk,4.0,NA,10000.0,0.0,NA,NA,NA,NA,11.95,2514.26,NA,NA,89.93,17.74,NA,0.0528,0.2679,throughput-only OK: ; active_sc=504.0
E:\Codex\usrp_plt_1\build\uhd_cpp_gpu_pipeline\logs\throughput_nr_ldpc_polar_mcs_ebn0_0_2_16_20260602_215345\offline_gpu\LDPC_5G_BG1_N128_K85_H_bpsk_cuda-bp-osd_EbN0_6dB.log,new_nr_throughput,NR-LDPC,LDPC_5G_BG1_N128_K85_H,LDPC,5G NR,140,88,0.6285714285714286,CUDA BP-OSD,bpsk,6.0,NA,10000.0,0.0,NA,NA,NA,NA,27.74,5837.19,NA,NA,88.23,115.39,NA,0.0539,0.0412,throughput-only OK: ; active_sc=504.0
E:\Codex\usrp_plt_1\build\uhd_cpp_gpu_pipeline\logs\throughput_nr_ldpc_polar_mcs_ebn0_0_2_16_20260602_215345\offline_gpu\LDPC_5G_BG1_N128_K85_H_bpsk_cuda-bp-osd_EbN0_8dB.log,new_nr_throughput,NR-LDPC,LDPC_5G_BG1_N128_K85_H,LDPC,5G NR,140,88,0.6285714285714286,CUDA BP-OSD,bpsk,8.0,NA,10000.0,0.0,NA,NA,NA,NA,35.83,7540.73,NA,NA,97.72,317.34,NA,0.0486,0.015,throughput-only OK: ; active_sc=504.0
E:\Codex\usrp_plt_1\build\uhd_cpp_gpu_pipeline\logs\throughput_nr_ldpc_polar_mcs_ebn0_0_2_16_20260602_215345\offline_gpu\LDPC_5G_BG1_N128_K85_H_bpsk_cuda-bp-osd_EbN0_10dB.log,new_nr_throughput,NR-LDPC,LDPC_5G_BG1_N128_K85_H,LDPC,5G NR,140,88,0.6285714285714286,CUDA BP-OSD,bpsk,10.0,NA,10000.0,0.0,NA,NA,NA,NA,34.54,7268.87,NA,NA,94.11,373.88,NA,0.0505,0.0127,throughput-only OK: ; active_sc=504.0
E:\Codex\usrp_plt_1\build\uhd_cpp_gpu_pipeline\logs\throughput_nr_ldpc_polar_mcs_ebn0_0_2_16_20260602_215345\offline_gpu\LDPC_5G_BG1_N128_K85_H_bpsk_cuda-bp-osd_EbN0_12dB.log,new_nr_throughput,NR-LDPC,LDPC_5G_BG1_N128_K85_H,LDPC,5G NR,140,88,0.6285714285714286,CUDA BP-OSD,bpsk,12.0,NA,10000.0,0.0,NA,NA,NA,NA,35.66,7504.5,NA,NA,96.17,429.29,NA,0.0494,0.0111,throughput-only OK: ; active_sc=504.0
E:\Codex\usrp_plt_1\build\uhd_cpp_gpu_pipeline\logs\throughput_nr_ldpc_polar_mcs_ebn0_0_2_16_20260602_215345\offline_gpu\LDPC_5G_BG1_N128_K85_H_bpsk_cuda-bp-osd_EbN0_14dB.log,new_nr_throughput,NR-LDPC,LDPC_5G_BG1_N128_K85_H,LDPC,5G NR,140,88,0.6285714285714286,CUDA BP-OSD,bpsk,14.0,NA,10000.0,0.0,NA,NA,NA,NA,36.22,7622.47,NA,NA,96.88,462.21,NA,0.049,0.0103,throughput-only OK: ; active_sc=504.0
E:\Codex\usrp_plt_1\build\uhd_cpp_gpu_pipeline\logs\throughput_nr_ldpc_polar_mcs_ebn0_0_2_16_20260602_215345\offline_gpu\LDPC_5G_BG1_N128_K85_H_bpsk_cuda-bp-osd_EbN0_16dB.log,new_nr_throughput,NR-LDPC,LDPC_5G_BG1_N128_K85_H,LDPC,5G NR,140,88,0.6285714285714286,CUDA BP-OSD,bpsk,16.0,NA,10000.0,0.0,NA,NA,NA,NA,37.96,7988.85,NA,NA,101.01,464.71,NA,0.047,0.0102,throughput-only OK: ; active_sc=504.0
E:\Codex\usrp_plt_1\build\uhd_cpp_gpu_pipeline\logs\throughput_nr_ldpc_polar_mcs_ebn0_0_2_16_20260602_215345\offline_gpu\LDPC_5G_BG1_N128_K85_H_qpsk_cuda-bp-osd_EbN0_0dB.log,new_nr_throughput,NR-LDPC,LDPC_5G_BG1_N128_K85_H,LDPC,5G NR,140,88,0.6285714285714286,CUDA BP-OSD,qpsk,0.0,NA,10000.0,0.0,NA,NA,NA,NA,9.81,1004.23,NA,NA,212.78,11.36,NA,0.0459,0.8601,throughput-only OK: ; active_sc=518.0
E:\Codex\usrp_plt_1\build\uhd_cpp_gpu_pipeline\logs\throughput_nr_ldpc_polar_mcs_ebn0_0_2_16_20260602_215345\offline_gpu\LDPC_5G_BG1_N128_K85_H_qpsk_cuda-bp-osd_EbN0_2dB.log,new_nr_throughput,NR-LDPC,LDPC_5G_BG1_N128_K85_H,LDPC,5G NR,140,88,0.6285714285714286,CUDA BP-OSD,qpsk,2.0,NA,10000.0,0.0,NA,NA,NA,NA,15.72,1609.18,NA,NA,225.69,19.88,NA,0.0433,0.4915,throughput-only OK: ; active_sc=518.0
E:\Codex\usrp_plt_1\build\uhd_cpp_gpu_pipeline\logs\throughput_nr_ldpc_polar_mcs_ebn0_0_2_16_20260602_215345\offline_gpu\LDPC_5G_BG1_N128_K85_H_qpsk_cuda-bp-osd_EbN0_4dB.log,new_nr_throughput,NR-LDPC,LDPC_5G_BG1_N128_K85_H,LDPC,5G NR,140,88,0.6285714285714286,CUDA BP-OSD,qpsk,4.0,NA,10000.0,0.0,NA,NA,NA,NA,24.8,2539.14,NA,NA,211.68,37.58,NA,0.0461,0.2599,throughput-only OK: ; active_sc=518.0
E:\Codex\usrp_plt_1\build\uhd_cpp_gpu_pipeline\logs\throughput_nr_ldpc_polar_mcs_ebn0_0_2_16_20260602_215345\offline_gpu\LDPC_5G_BG1_N128_K85_H_qpsk_cuda-bp-osd_EbN0_6dB.log,new_nr_throughput,NR-LDPC,LDPC_5G_BG1_N128_K85_H,LDPC,5G NR,140,88,0.6285714285714286,CUDA BP-OSD,qpsk,6.0,NA,10000.0,0.0,NA,NA,NA,NA,51.79,5302.14,NA,NA,208.4,182.3,NA,0.0469,0.0536,throughput-only OK: ; active_sc=518.0
E:\Codex\usrp_plt_1\build\uhd_cpp_gpu_pipeline\logs\throughput_nr_ldpc_polar_mcs_ebn0_0_2_16_20260602_215345\offline_gpu\LDPC_5G_BG1_N128_K85_H_qpsk_cuda-bp-osd_EbN0_8dB.log,new_nr_throughput,NR-LDPC,LDPC_5G_BG1_N128_K85_H,LDPC,5G NR,140,88,0.6285714285714286,CUDA BP-OSD,qpsk,8.0,NA,10000.0,0.0,NA,NA,NA,NA,66.57,6814.96,NA,NA,218.98,522.04,NA,0.0446,0.0187,throughput-only OK: ; active_sc=518.0
E:\Codex\usrp_plt_1\build\uhd_cpp_gpu_pipeline\logs\throughput_nr_ldpc_polar_mcs_ebn0_0_2_16_20260602_215345\offline_gpu\LDPC_5G_BG1_N128_K85_H_qpsk_cuda-bp-osd_EbN0_10dB.log,new_nr_throughput,NR-LDPC,LDPC_5G_BG1_N128_K85_H,LDPC,5G NR,140,88,0.6285714285714286,CUDA BP-OSD,qpsk,10.0,NA,10000.0,0.0,NA,NA,NA,NA,63.89,6540.6,NA,NA,206.31,593.22,NA,0.0473,0.0165,throughput-only OK: ; active_sc=518.0
E:\Codex\usrp_plt_1\build\uhd_cpp_gpu_pipeline\logs\throughput_nr_ldpc_polar_mcs_ebn0_0_2_16_20260602_215345\offline_gpu\LDPC_5G_BG1_N128_K85_H_qpsk_cuda-bp-osd_EbN0_12dB.log,new_nr_throughput,NR-LDPC,LDPC_5G_BG1_N128_K85_H,LDPC,5G NR,140,88,0.6285714285714286,CUDA BP-OSD,qpsk,12.0,NA,10000.0,0.0,NA,NA,NA,NA,68.73,7036.38,NA,NA,219.43,699.88,NA,0.0445,0.014,throughput-only OK: ; active_sc=518.0
E:\Codex\usrp_plt_1\build\uhd_cpp_gpu_pipeline\logs\throughput_nr_ldpc_polar_mcs_ebn0_0_2_16_20260602_215345\offline_gpu\LDPC_5G_BG1_N128_K85_H_qpsk_cuda-bp-osd_EbN0_14dB.log,new_nr_throughput,NR-LDPC,LDPC_5G_BG1_N128_K85_H,LDPC,5G NR,140,88,0.6285714285714286,CUDA BP-OSD,qpsk,14.0,NA,10000.0,0.0,NA,NA,NA,NA,69.79,7144.84,NA,NA,222.82,717.83,NA,0.0438,0.0136,throughput-only OK: ; active_sc=518.0
E:\Codex\usrp_plt_1\build\uhd_cpp_gpu_pipeline\logs\throughput_nr_ldpc_polar_mcs_ebn0_0_2_16_20260602_215345\offline_gpu\LDPC_5G_BG1_N128_K85_H_qpsk_cuda-bp-osd_EbN0_16dB.log,new_nr_throughput,NR-LDPC,LDPC_5G_BG1_N128_K85_H,LDPC,5G NR,140,88,0.6285714285714286,CUDA BP-OSD,qpsk,16.0,NA,10000.0,0.0,NA,NA,NA,NA,66.16,6772.98,NA,NA,209.59,686.0,NA,0.0466,0.0142,throughput-only OK: ; active_sc=518.0
E:\Codex\usrp_plt_1\build\uhd_cpp_gpu_pipeline\logs\throughput_nr_ldpc_polar_mcs_ebn0_0_2_16_20260602_215345\offline_gpu\LDPC_5G_BG1_N128_K85_H_16qam_cuda-bp-osd_EbN0_0dB.log,new_nr_throughput,NR-LDPC,LDPC_5G_BG1_N128_K85_H,LDPC,5G NR,140,88,0.6285714285714286,CUDA BP-OSD,16qam,0.0,NA,10000.0,0.0,NA,NA,NA,NA,11.26,576.23,NA,NA,336.21,12.49,NA,0.0581,1.5638,throughput-only OK: ; active_sc=518.0
E:\Codex\usrp_plt_1\build\uhd_cpp_gpu_pipeline\logs\throughput_nr_ldpc_polar_mcs_ebn0_0_2_16_20260602_215345\offline_gpu\LDPC_5G_BG1_N128_K85_H_16qam_cuda-bp-osd_EbN0_2dB.log,new_nr_throughput,NR-LDPC,LDPC_5G_BG1_N128_K85_H,LDPC,5G NR,140,88,0.6285714285714286,CUDA BP-OSD,16qam,2.0,NA,10000.0,0.0,NA,NA,NA,NA,10.74,549.92,NA,NA,321.19,11.91,NA,0.0608,1.6407,throughput-only OK: ; active_sc=518.0
E:\Codex\usrp_plt_1\build\uhd_cpp_gpu_pipeline\logs\throughput_nr_ldpc_polar_mcs_ebn0_0_2_16_20260602_215345\offline_gpu\LDPC_5G_BG1_N128_K85_H_16qam_cuda-bp-osd_EbN0_4dB.log,new_nr_throughput,NR-LDPC,LDPC_5G_BG1_N128_K85_H,LDPC,5G NR,140,88,0.6285714285714286,CUDA BP-OSD,16qam,4.0,NA,10000.0,0.0,NA,NA,NA,NA,11.84,606.27,NA,NA,348.0,13.15,NA,0.0561,1.4851,throughput-only OK: ; active_sc=518.0
E:\Codex\usrp_plt_1\build\uhd_cpp_gpu_pipeline\logs\throughput_nr_ldpc_polar_mcs_ebn0_0_2_16_20260602_215345\offline_gpu\LDPC_5G_BG1_N128_K85_H_16qam_cuda-bp-osd_EbN0_6dB.log,new_nr_throughput,NR-LDPC,LDPC_5G_BG1_N128_K85_H,LDPC,5G NR,140,88,0.6285714285714286,CUDA BP-OSD,16qam,6.0,NA,10000.0,0.0,NA,NA,NA,NA,24.07,1232.34,NA,NA,347.81,30.41,NA,0.0562,0.6424,throughput-only OK: ; active_sc=518.0
E:\Codex\usrp_plt_1\build\uhd_cpp_gpu_pipeline\logs\throughput_nr_ldpc_polar_mcs_ebn0_0_2_16_20260602_215345\offline_gpu\LDPC_5G_BG1_N128_K85_H_16qam_cuda-bp-osd_EbN0_8dB.log,new_nr_throughput,NR-LDPC,LDPC_5G_BG1_N128_K85_H,LDPC,5G NR,140,88,0.6285714285714286,CUDA BP-OSD,16qam,8.0,NA,10000.0,0.0,NA,NA,NA,NA,42.11,2155.72,NA,NA,337.43,66.61,NA,0.0579,0.2933,throughput-only OK: ; active_sc=518.0
E:\Codex\usrp_plt_1\build\uhd_cpp_gpu_pipeline\logs\throughput_nr_ldpc_polar_mcs_ebn0_0_2_16_20260602_215345\offline_gpu\LDPC_5G_BG1_N128_K85_H_16qam_cuda-bp-osd_EbN0_10dB.log,new_nr_throughput,NR-LDPC,LDPC_5G_BG1_N128_K85_H,LDPC,5G NR,140,88,0.6285714285714286,CUDA BP-OSD,16qam,10.0,NA,10000.0,0.0,NA,NA,NA,NA,84.89,4345.26,NA,NA,332.38,309.55,NA,0.0588,0.0631,throughput-only OK: ; active_sc=518.0
E:\Codex\usrp_plt_1\build\uhd_cpp_gpu_pipeline\logs\throughput_nr_ldpc_polar_mcs_ebn0_0_2_16_20260602_215345\offline_gpu\LDPC_5G_BG1_N128_K85_H_16qam_cuda-bp-osd_EbN0_12dB.log,new_nr_throughput,NR-LDPC,LDPC_5G_BG1_N128_K85_H,LDPC,5G NR,140,88,0.6285714285714286,CUDA BP-OSD,16qam,12.0,NA,10000.0,0.0,NA,NA,NA,NA,94.1,4816.51,NA,NA,318.49,654.88,NA,0.0613,0.0298,throughput-only OK: ; active_sc=518.0
E:\Codex\usrp_plt_1\build\uhd_cpp_gpu_pipeline\logs\throughput_nr_ldpc_polar_mcs_ebn0_0_2_16_20260602_215345\offline_gpu\LDPC_5G_BG1_N128_K85_H_16qam_cuda-bp-osd_EbN0_14dB.log,new_nr_throughput,NR-LDPC,LDPC_5G_BG1_N128_K85_H,LDPC,5G NR,140,88,0.6285714285714286,CUDA BP-OSD,16qam,14.0,NA,10000.0,0.0,NA,NA,NA,NA,102.02,5222.0,NA,NA,337.48,784.11,NA,0.0579,0.0249,throughput-only OK: ; active_sc=518.0
E:\Codex\usrp_plt_1\build\uhd_cpp_gpu_pipeline\logs\throughput_nr_ldpc_polar_mcs_ebn0_0_2_16_20260602_215345\offline_gpu\LDPC_5G_BG1_N128_K85_H_16qam_cuda-bp-osd_EbN0_16dB.log,new_nr_throughput,NR-LDPC,LDPC_5G_BG1_N128_K85_H,LDPC,5G NR,140,88,0.6285714285714286,CUDA BP-OSD,16qam,16.0,NA,10000.0,0.0,NA,NA,NA,NA,105.3,5389.81,NA,NA,352.02,854.03,NA,0.0555,0.0229,throughput-only OK: ; active_sc=518.0
E:\Codex\usrp_plt_1\build\uhd_cpp_gpu_pipeline\logs\throughput_nr_ldpc_polar_mcs_ebn0_0_2_16_20260602_215345\offline_gpu\LDPC_5G_BG2_N128_K64_H_bpsk_cuda-bp-osd_EbN0_0dB.log,new_nr_throughput,NR-LDPC,LDPC_5G_BG2_N128_K64_H,LDPC,5G NR,154,66,0.4285714285714285,CUDA BP-OSD,bpsk,0.0,NA,10000.0,0.0,NA,NA,NA,NA,8.94,2257.26,NA,NA,87.06,11.82,NA,0.0455,0.335,throughput-only OK: ; active_sc=616.0
E:\Codex\usrp_plt_1\build\uhd_cpp_gpu_pipeline\logs\throughput_nr_ldpc_polar_mcs_ebn0_0_2_16_20260602_215345\offline_gpu\LDPC_5G_BG2_N128_K64_H_bpsk_cuda-bp-osd_EbN0_2dB.log,new_nr_throughput,NR-LDPC,LDPC_5G_BG2_N128_K64_H,LDPC,5G NR,154,66,0.4285714285714285,CUDA BP-OSD,bpsk,2.0,NA,10000.0,0.0,NA,NA,NA,NA,12.8,3231.38,NA,NA,92.23,19.14,NA,0.0429,0.2069,throughput-only OK: ; active_sc=616.0
E:\Codex\usrp_plt_1\build\uhd_cpp_gpu_pipeline\logs\throughput_nr_ldpc_polar_mcs_ebn0_0_2_16_20260602_215345\offline_gpu\LDPC_5G_BG2_N128_K64_H_bpsk_cuda-bp-osd_EbN0_4dB.log,new_nr_throughput,NR-LDPC,LDPC_5G_BG2_N128_K64_H,LDPC,5G NR,154,66,0.4285714285714285,CUDA BP-OSD,bpsk,4.0,NA,10000.0,0.0,NA,NA,NA,NA,19.94,5035.99,NA,NA,90.87,42.02,NA,0.0436,0.0942,throughput-only OK: ; active_sc=616.0
E:\Codex\usrp_plt_1\build\uhd_cpp_gpu_pipeline\logs\throughput_nr_ldpc_polar_mcs_ebn0_0_2_16_20260602_215345\offline_gpu\LDPC_5G_BG2_N128_K64_H_bpsk_cuda-bp-osd_EbN0_6dB.log,new_nr_throughput,NR-LDPC,LDPC_5G_BG2_N128_K64_H,LDPC,5G NR,154,66,0.4285714285714285,CUDA BP-OSD,bpsk,6.0,NA,10000.0,0.0,NA,NA,NA,NA,29.34,7409.34,NA,NA,86.3,176.64,NA,0.0459,0.0224,throughput-only OK: ; active_sc=616.0
E:\Codex\usrp_plt_1\build\uhd_cpp_gpu_pipeline\logs\throughput_nr_ldpc_polar_mcs_ebn0_0_2_16_20260602_215345\offline_gpu\LDPC_5G_BG2_N128_K64_H_bpsk_cuda-bp-osd_EbN0_8dB.log,new_nr_throughput,NR-LDPC,LDPC_5G_BG2_N128_K64_H,LDPC,5G NR,154,66,0.4285714285714285,CUDA BP-OSD,bpsk,8.0,NA,10000.0,0.0,NA,NA,NA,NA,31.21,7880.53,NA,NA,88.41,251.1,NA,0.0448,0.0158,throughput-only OK: ; active_sc=616.0
E:\Codex\usrp_plt_1\build\uhd_cpp_gpu_pipeline\logs\throughput_nr_ldpc_polar_mcs_ebn0_0_2_16_20260602_215345\offline_gpu\LDPC_5G_BG2_N128_K64_H_bpsk_cuda-bp-osd_EbN0_10dB.log,new_nr_throughput,NR-LDPC,LDPC_5G_BG2_N128_K64_H,LDPC,5G NR,154,66,0.4285714285714285,CUDA BP-OSD,bpsk,10.0,NA,10000.0,0.0,NA,NA,NA,NA,30.5,7701.54,NA,NA,83.82,294.13,NA,0.0472,0.0135,throughput-only OK: ; active_sc=616.0
E:\Codex\usrp_plt_1\build\uhd_cpp_gpu_pipeline\logs\throughput_nr_ldpc_polar_mcs_ebn0_0_2_16_20260602_215345\offline_gpu\LDPC_5G_BG2_N128_K64_H_bpsk_cuda-bp-osd_EbN0_12dB.log,new_nr_throughput,NR-LDPC,LDPC_5G_BG2_N128_K64_H,LDPC,5G NR,154,66,0.4285714285714285,CUDA BP-OSD,bpsk,12.0,NA,10000.0,0.0,NA,NA,NA,NA,31.54,7963.54,NA,NA,84.03,368.22,NA,0.0471,0.0108,throughput-only OK: ; active_sc=616.0
E:\Codex\usrp_plt_1\build\uhd_cpp_gpu_pipeline\logs\throughput_nr_ldpc_polar_mcs_ebn0_0_2_16_20260602_215345\offline_gpu\LDPC_5G_BG2_N128_K64_H_bpsk_cuda-bp-osd_EbN0_14dB.log,new_nr_throughput,NR-LDPC,LDPC_5G_BG2_N128_K64_H,LDPC,5G NR,154,66,0.4285714285714285,CUDA BP-OSD,bpsk,14.0,NA,10000.0,0.0,NA,NA,NA,NA,31.89,8053.91,NA,NA,84.01,377.36,NA,0.0471,0.0105,throughput-only OK: ; active_sc=616.0
E:\Codex\usrp_plt_1\build\uhd_cpp_gpu_pipeline\logs\throughput_nr_ldpc_polar_mcs_ebn0_0_2_16_20260602_215345\offline_gpu\LDPC_5G_BG2_N128_K64_H_bpsk_cuda-bp-osd_EbN0_16dB.log,new_nr_throughput,NR-LDPC,LDPC_5G_BG2_N128_K64_H,LDPC,5G NR,154,66,0.4285714285714285,CUDA BP-OSD,bpsk,16.0,NA,10000.0,0.0,NA,NA,NA,NA,32.15,8118.57,NA,NA,85.48,390.26,NA,0.0463,0.0101,throughput-only OK: ; active_sc=616.0
E:\Codex\usrp_plt_1\build\uhd_cpp_gpu_pipeline\logs\throughput_nr_ldpc_polar_mcs_ebn0_0_2_16_20260602_215345\offline_gpu\LDPC_5G_BG2_N128_K64_H_qpsk_cuda-bp-osd_EbN0_0dB.log,new_nr_throughput,NR-LDPC,LDPC_5G_BG2_N128_K64_H,LDPC,5G NR,154,66,0.4285714285714285,CUDA BP-OSD,qpsk,0.0,NA,10000.0,0.0,NA,NA,NA,NA,12.83,1620.25,NA,NA,165.58,16.19,NA,0.0478,0.4891,throughput-only OK: ; active_sc=616.0
E:\Codex\usrp_plt_1\build\uhd_cpp_gpu_pipeline\logs\throughput_nr_ldpc_polar_mcs_ebn0_0_2_16_20260602_215345\offline_gpu\LDPC_5G_BG2_N128_K64_H_qpsk_cuda-bp-osd_EbN0_2dB.log,new_nr_throughput,NR-LDPC,LDPC_5G_BG2_N128_K64_H,LDPC,5G NR,154,66,0.4285714285714285,CUDA BP-OSD,qpsk,2.0,NA,10000.0,0.0,NA,NA,NA,NA,22.78,2876.67,NA,NA,177.19,35.0,NA,0.0447,0.2263,throughput-only OK: ; active_sc=616.0
E:\Codex\usrp_plt_1\build\uhd_cpp_gpu_pipeline\logs\throughput_nr_ldpc_polar_mcs_ebn0_0_2_16_20260602_215345\offline_gpu\LDPC_5G_BG2_N128_K64_H_qpsk_cuda-bp-osd_EbN0_4dB.log,new_nr_throughput,NR-LDPC,LDPC_5G_BG2_N128_K64_H,LDPC,5G NR,154,66,0.4285714285714285,CUDA BP-OSD,qpsk,4.0,NA,10000.0,0.0,NA,NA,NA,NA,30.67,3872.91,NA,NA,172.48,60.14,NA,0.0459,0.1317,throughput-only OK: ; active_sc=616.0
E:\Codex\usrp_plt_1\build\uhd_cpp_gpu_pipeline\logs\throughput_nr_ldpc_polar_mcs_ebn0_0_2_16_20260602_215345\offline_gpu\LDPC_5G_BG2_N128_K64_H_qpsk_cuda-bp-osd_EbN0_6dB.log,new_nr_throughput,NR-LDPC,LDPC_5G_BG2_N128_K64_H,LDPC,5G NR,154,66,0.4285714285714285,CUDA BP-OSD,qpsk,6.0,NA,10000.0,0.0,NA,NA,NA,NA,52.16,6585.91,NA,NA,173.85,308.05,NA,0.0456,0.0257,throughput-only OK: ; active_sc=616.0
E:\Codex\usrp_plt_1\build\uhd_cpp_gpu_pipeline\logs\throughput_nr_ldpc_polar_mcs_ebn0_0_2_16_20260602_215345\offline_gpu\LDPC_5G_BG2_N128_K64_H_qpsk_cuda-bp-osd_EbN0_8dB.log,new_nr_throughput,NR-LDPC,LDPC_5G_BG2_N128_K64_H,LDPC,5G NR,154,66,0.4285714285714285,CUDA BP-OSD,qpsk,8.0,NA,10000.0,0.0,NA,NA,NA,NA,54.23,6847.81,NA,NA,173.22,399.88,NA,0.0457,0.0198,throughput-only OK: ; active_sc=616.0
E:\Codex\usrp_plt_1\build\uhd_cpp_gpu_pipeline\logs\throughput_nr_ldpc_polar_mcs_ebn0_0_2_16_20260602_215345\offline_gpu\LDPC_5G_BG2_N128_K64_H_qpsk_cuda-bp-osd_EbN0_10dB.log,new_nr_throughput,NR-LDPC,LDPC_5G_BG2_N128_K64_H,LDPC,5G NR,154,66,0.4285714285714285,CUDA BP-OSD,qpsk,10.0,NA,10000.0,0.0,NA,NA,NA,NA,56.33,7112.04,NA,NA,177.45,491.15,NA,0.0446,0.0161,throughput-only OK: ; active_sc=616.0
E:\Codex\usrp_plt_1\build\uhd_cpp_gpu_pipeline\logs\throughput_nr_ldpc_polar_mcs_ebn0_0_2_16_20260602_215345\offline_gpu\LDPC_5G_BG2_N128_K64_H_qpsk_cuda-bp-osd_EbN0_12dB.log,new_nr_throughput,NR-LDPC,LDPC_5G_BG2_N128_K64_H,LDPC,5G NR,154,66,0.4285714285714285,CUDA BP-OSD,qpsk,12.0,NA,10000.0,0.0,NA,NA,NA,NA,57.44,7252.49,NA,NA,176.98,582.44,NA,0.0448,0.0136,throughput-only OK: ; active_sc=616.0
E:\Codex\usrp_plt_1\build\uhd_cpp_gpu_pipeline\logs\throughput_nr_ldpc_polar_mcs_ebn0_0_2_16_20260602_215345\offline_gpu\LDPC_5G_BG2_N128_K64_H_qpsk_cuda-bp-osd_EbN0_14dB.log,new_nr_throughput,NR-LDPC,LDPC_5G_BG2_N128_K64_H,LDPC,5G NR,154,66,0.4285714285714285,CUDA BP-OSD,qpsk,14.0,NA,10000.0,0.0,NA,NA,NA,NA,55.47,7003.9,NA,NA,172.65,579.02,NA,0.0459,0.0137,throughput-only OK: ; active_sc=616.0
E:\Codex\usrp_plt_1\build\uhd_cpp_gpu_pipeline\logs\throughput_nr_ldpc_polar_mcs_ebn0_0_2_16_20260602_215345\offline_gpu\LDPC_5G_BG2_N128_K64_H_qpsk_cuda-bp-osd_EbN0_16dB.log,new_nr_throughput,NR-LDPC,LDPC_5G_BG2_N128_K64_H,LDPC,5G NR,154,66,0.4285714285714285,CUDA BP-OSD,qpsk,16.0,NA,10000.0,0.0,NA,NA,NA,NA,56.23,7099.9,NA,NA,175.81,598.01,NA,0.045,0.0132,throughput-only OK: ; active_sc=616.0
E:\Codex\usrp_plt_1\build\uhd_cpp_gpu_pipeline\logs\throughput_nr_ldpc_polar_mcs_ebn0_0_2_16_20260602_215345\offline_gpu\LDPC_5G_BG2_N128_K64_H_16qam_cuda-bp-osd_EbN0_0dB.log,new_nr_throughput,NR-LDPC,LDPC_5G_BG2_N128_K64_H,LDPC,5G NR,154,66,0.4285714285714285,CUDA BP-OSD,16qam,0.0,NA,10000.0,0.0,NA,NA,NA,NA,13.45,1131.98,NA,NA,217.78,15.97,NA,0.0545,0.7438,throughput-only OK: ; active_sc=462.0
E:\Codex\usrp_plt_1\build\uhd_cpp_gpu_pipeline\logs\throughput_nr_ldpc_polar_mcs_ebn0_0_2_16_20260602_215345\offline_gpu\LDPC_5G_BG2_N128_K64_H_16qam_cuda-bp-osd_EbN0_2dB.log,new_nr_throughput,NR-LDPC,LDPC_5G_BG2_N128_K64_H,LDPC,5G NR,154,66,0.4285714285714285,CUDA BP-OSD,16qam,2.0,NA,10000.0,0.0,NA,NA,NA,NA,13.14,1105.85,NA,NA,212.33,15.78,NA,0.056,0.7527,throughput-only OK: ; active_sc=462.0
E:\Codex\usrp_plt_1\build\uhd_cpp_gpu_pipeline\logs\throughput_nr_ldpc_polar_mcs_ebn0_0_2_16_20260602_215345\offline_gpu\LDPC_5G_BG2_N128_K64_H_16qam_cuda-bp-osd_EbN0_4dB.log,new_nr_throughput,NR-LDPC,LDPC_5G_BG2_N128_K64_H,LDPC,5G NR,154,66,0.4285714285714285,CUDA BP-OSD,16qam,4.0,NA,10000.0,0.0,NA,NA,NA,NA,16.11,1356.25,NA,NA,214.61,20.24,NA,0.0554,0.5871,throughput-only OK: ; active_sc=462.0
E:\Codex\usrp_plt_1\build\uhd_cpp_gpu_pipeline\logs\throughput_nr_ldpc_polar_mcs_ebn0_0_2_16_20260602_215345\offline_gpu\LDPC_5G_BG2_N128_K64_H_16qam_cuda-bp-osd_EbN0_6dB.log,new_nr_throughput,NR-LDPC,LDPC_5G_BG2_N128_K64_H,LDPC,5G NR,154,66,0.4285714285714285,CUDA BP-OSD,16qam,6.0,NA,10000.0,0.0,NA,NA,NA,NA,32.8,2761.06,NA,NA,213.82,54.02,NA,0.0556,0.2199,throughput-only OK: ; active_sc=462.0
E:\Codex\usrp_plt_1\build\uhd_cpp_gpu_pipeline\logs\throughput_nr_ldpc_polar_mcs_ebn0_0_2_16_20260602_215345\offline_gpu\LDPC_5G_BG2_N128_K64_H_16qam_cuda-bp-osd_EbN0_8dB.log,new_nr_throughput,NR-LDPC,LDPC_5G_BG2_N128_K64_H,LDPC,5G NR,154,66,0.4285714285714285,CUDA BP-OSD,16qam,8.0,NA,10000.0,0.0,NA,NA,NA,NA,56.43,4750.31,NA,NA,214.11,174.4,NA,0.0555,0.0681,throughput-only OK: ; active_sc=462.0
E:\Codex\usrp_plt_1\build\uhd_cpp_gpu_pipeline\logs\throughput_nr_ldpc_polar_mcs_ebn0_0_2_16_20260602_215345\offline_gpu\LDPC_5G_BG2_N128_K64_H_16qam_cuda-bp-osd_EbN0_10dB.log,new_nr_throughput,NR-LDPC,LDPC_5G_BG2_N128_K64_H,LDPC,5G NR,154,66,0.4285714285714285,CUDA BP-OSD,16qam,10.0,NA,10000.0,0.0,NA,NA,NA,NA,68.41,5758.05,NA,NA,210.57,426.43,NA,0.0564,0.0279,throughput-only OK: ; active_sc=462.0
E:\Codex\usrp_plt_1\build\uhd_cpp_gpu_pipeline\logs\throughput_nr_ldpc_polar_mcs_ebn0_0_2_16_20260602_215345\offline_gpu\LDPC_5G_BG2_N128_K64_H_16qam_cuda-bp-osd_EbN0_12dB.log,new_nr_throughput,NR-LDPC,LDPC_5G_BG2_N128_K64_H,LDPC,5G NR,154,66,0.4285714285714285,CUDA BP-OSD,16qam,12.0,NA,10000.0,0.0,NA,NA,NA,NA,67.96,5720.38,NA,NA,201.22,482.67,NA,0.059,0.0246,throughput-only OK: ; active_sc=462.0
E:\Codex\usrp_plt_1\build\uhd_cpp_gpu_pipeline\logs\throughput_nr_ldpc_polar_mcs_ebn0_0_2_16_20260602_215345\offline_gpu\LDPC_5G_BG2_N128_K64_H_16qam_cuda-bp-osd_EbN0_14dB.log,new_nr_throughput,NR-LDPC,LDPC_5G_BG2_N128_K64_H,LDPC,5G NR,154,66,0.4285714285714285,CUDA BP-OSD,16qam,14.0,NA,10000.0,0.0,NA,NA,NA,NA,68.16,5737.69,NA,NA,199.18,561.2,NA,0.0596,0.0212,throughput-only OK: ; active_sc=462.0
E:\Codex\usrp_plt_1\build\uhd_cpp_gpu_pipeline\logs\throughput_nr_ldpc_polar_mcs_ebn0_0_2_16_20260602_215345\offline_gpu\LDPC_5G_BG2_N128_K64_H_16qam_cuda-bp-osd_EbN0_16dB.log,new_nr_throughput,NR-LDPC,LDPC_5G_BG2_N128_K64_H,LDPC,5G NR,154,66,0.4285714285714285,CUDA BP-OSD,16qam,16.0,NA,10000.0,0.0,NA,NA,NA,NA,72.02,6062.32,NA,NA,219.82,644.64,NA,0.054,0.0184,throughput-only OK: ; active_sc=462.0
E:\Codex\usrp_plt_1\build\uhd_cpp_gpu_pipeline\logs\throughput_nr_ldpc_polar_mcs_ebn0_0_2_16_20260602_215345\offline_gpu\LDPC_5G_BG2_N128_K96_H_bpsk_cuda-bp-osd_EbN0_0dB.log,new_nr_throughput,NR-LDPC,LDPC_5G_BG2_N128_K96_H,LDPC,5G NR,160,96,0.6,CUDA BP-OSD,bpsk,0.0,NA,10000.0,0.0,NA,NA,NA,NA,7.0,1518.37,NA,NA,99.7,8.51,NA,0.0462,0.5414,throughput-only OK: ; active_sc=512.0
E:\Codex\usrp_plt_1\build\uhd_cpp_gpu_pipeline\logs\throughput_nr_ldpc_polar_mcs_ebn0_0_2_16_20260602_215345\offline_gpu\LDPC_5G_BG2_N128_K96_H_bpsk_cuda-bp-osd_EbN0_2dB.log,new_nr_throughput,NR-LDPC,LDPC_5G_BG2_N128_K96_H,LDPC,5G NR,160,96,0.6,CUDA BP-OSD,bpsk,2.0,NA,10000.0,0.0,NA,NA,NA,NA,10.6,2300.01,NA,NA,111.11,14.21,NA,0.0415,0.3243,throughput-only OK: ; active_sc=512.0
E:\Codex\usrp_plt_1\build\uhd_cpp_gpu_pipeline\logs\throughput_nr_ldpc_polar_mcs_ebn0_0_2_16_20260602_215345\offline_gpu\LDPC_5G_BG2_N128_K96_H_bpsk_cuda-bp-osd_EbN0_4dB.log,new_nr_throughput,NR-LDPC,LDPC_5G_BG2_N128_K96_H,LDPC,5G NR,160,96,0.6,CUDA BP-OSD,bpsk,4.0,NA,10000.0,0.0,NA,NA,NA,NA,13.53,2935.72,NA,NA,102.03,20.23,NA,0.0452,0.2278,throughput-only OK: ; active_sc=512.0
E:\Codex\usrp_plt_1\build\uhd_cpp_gpu_pipeline\logs\throughput_nr_ldpc_polar_mcs_ebn0_0_2_16_20260602_215345\offline_gpu\LDPC_5G_BG2_N128_K96_H_bpsk_cuda-bp-osd_EbN0_6dB.log,new_nr_throughput,NR-LDPC,LDPC_5G_BG2_N128_K96_H,LDPC,5G NR,160,96,0.6,CUDA BP-OSD,bpsk,6.0,NA,10000.0,0.0,NA,NA,NA,NA,36.0,7812.81,NA,NA,112.31,227.56,NA,0.041,0.0203,throughput-only OK: ; active_sc=512.0
E:\Codex\usrp_plt_1\build\uhd_cpp_gpu_pipeline\logs\throughput_nr_ldpc_polar_mcs_ebn0_0_2_16_20260602_215345\offline_gpu\LDPC_5G_BG2_N128_K96_H_bpsk_cuda-bp-osd_EbN0_8dB.log,new_nr_throughput,NR-LDPC,LDPC_5G_BG2_N128_K96_H,LDPC,5G NR,160,96,0.6,CUDA BP-OSD,bpsk,8.0,NA,10000.0,0.0,NA,NA,NA,NA,39.27,8522.07,NA,NA,110.76,380.19,NA,0.0416,0.0121,throughput-only OK: ; active_sc=512.0
E:\Codex\usrp_plt_1\build\uhd_cpp_gpu_pipeline\logs\throughput_nr_ldpc_polar_mcs_ebn0_0_2_16_20260602_215345\offline_gpu\LDPC_5G_BG2_N128_K96_H_bpsk_cuda-bp-osd_EbN0_10dB.log,new_nr_throughput,NR-LDPC,LDPC_5G_BG2_N128_K96_H,LDPC,5G NR,160,96,0.6,CUDA BP-OSD,bpsk,10.0,NA,10000.0,0.0,NA,NA,NA,NA,39.39,8548.39,NA,NA,115.58,472.04,NA,0.0399,0.0098,throughput-only OK: ; active_sc=512.0
E:\Codex\usrp_plt_1\build\uhd_cpp_gpu_pipeline\logs\throughput_nr_ldpc_polar_mcs_ebn0_0_2_16_20260602_215345\offline_gpu\LDPC_5G_BG2_N128_K96_H_bpsk_cuda-bp-osd_EbN0_12dB.log,new_nr_throughput,NR-LDPC,LDPC_5G_BG2_N128_K96_H,LDPC,5G NR,160,96,0.6,CUDA BP-OSD,bpsk,12.0,NA,10000.0,0.0,NA,NA,NA,NA,40.88,8870.75,NA,NA,106.04,503.32,NA,0.0435,0.0092,throughput-only OK: ; active_sc=512.0
E:\Codex\usrp_plt_1\build\uhd_cpp_gpu_pipeline\logs\throughput_nr_ldpc_polar_mcs_ebn0_0_2_16_20260602_215345\offline_gpu\LDPC_5G_BG2_N128_K96_H_bpsk_cuda-bp-osd_EbN0_14dB.log,new_nr_throughput,NR-LDPC,LDPC_5G_BG2_N128_K96_H,LDPC,5G NR,160,96,0.6,CUDA BP-OSD,bpsk,14.0,NA,10000.0,0.0,NA,NA,NA,NA,38.39,8331.31,NA,NA,101.05,478.34,NA,0.0456,0.0096,throughput-only OK: ; active_sc=512.0
E:\Codex\usrp_plt_1\build\uhd_cpp_gpu_pipeline\logs\throughput_nr_ldpc_polar_mcs_ebn0_0_2_16_20260602_215345\offline_gpu\LDPC_5G_BG2_N128_K96_H_bpsk_cuda-bp-osd_EbN0_16dB.log,new_nr_throughput,NR-LDPC,LDPC_5G_BG2_N128_K96_H,LDPC,5G NR,160,96,0.6,CUDA BP-OSD,bpsk,16.0,NA,10000.0,0.0,NA,NA,NA,NA,40.18,8720.15,NA,NA,105.93,490.31,NA,0.0435,0.0094,throughput-only OK: ; active_sc=512.0
E:\Codex\usrp_plt_1\build\uhd_cpp_gpu_pipeline\logs\throughput_nr_ldpc_polar_mcs_ebn0_0_2_16_20260602_215345\offline_gpu\LDPC_5G_BG2_N128_K96_H_qpsk_cuda-bp-osd_EbN0_0dB.log,new_nr_throughput,NR-LDPC,LDPC_5G_BG2_N128_K96_H,LDPC,5G NR,160,96,0.6,CUDA BP-OSD,qpsk,0.0,NA,10000.0,0.0,NA,NA,NA,NA,10.06,1091.31,NA,NA,193.13,11.64,NA,0.0477,0.7915,throughput-only OK: ; active_sc=512.0
E:\Codex\usrp_plt_1\build\uhd_cpp_gpu_pipeline\logs\throughput_nr_ldpc_polar_mcs_ebn0_0_2_16_20260602_215345\offline_gpu\LDPC_5G_BG2_N128_K96_H_qpsk_cuda-bp-osd_EbN0_2dB.log,new_nr_throughput,NR-LDPC,LDPC_5G_BG2_N128_K96_H,LDPC,5G NR,160,96,0.6,CUDA BP-OSD,qpsk,2.0,NA,10000.0,0.0,NA,NA,NA,NA,17.82,1933.59,NA,NA,190.13,23.61,NA,0.0485,0.3903,throughput-only OK: ; active_sc=512.0
E:\Codex\usrp_plt_1\build\uhd_cpp_gpu_pipeline\logs\throughput_nr_ldpc_polar_mcs_ebn0_0_2_16_20260602_215345\offline_gpu\LDPC_5G_BG2_N128_K96_H_qpsk_cuda-bp-osd_EbN0_4dB.log,new_nr_throughput,NR-LDPC,LDPC_5G_BG2_N128_K96_H,LDPC,5G NR,160,96,0.6,CUDA BP-OSD,qpsk,4.0,NA,10000.0,0.0,NA,NA,NA,NA,24.39,2646.52,NA,NA,202.99,36.17,NA,0.0454,0.2548,throughput-only OK: ; active_sc=512.0
E:\Codex\usrp_plt_1\build\uhd_cpp_gpu_pipeline\logs\throughput_nr_ldpc_polar_mcs_ebn0_0_2_16_20260602_215345\offline_gpu\LDPC_5G_BG2_N128_K96_H_qpsk_cuda-bp-osd_EbN0_6dB.log,new_nr_throughput,NR-LDPC,LDPC_5G_BG2_N128_K96_H,LDPC,5G NR,160,96,0.6,CUDA BP-OSD,qpsk,6.0,NA,10000.0,0.0,NA,NA,NA,NA,61.1,6630.25,NA,NA,202.54,398.74,NA,0.0455,0.0231,throughput-only OK: ; active_sc=512.0
E:\Codex\usrp_plt_1\build\uhd_cpp_gpu_pipeline\logs\throughput_nr_ldpc_polar_mcs_ebn0_0_2_16_20260602_215345\offline_gpu\LDPC_5G_BG2_N128_K96_H_qpsk_cuda-bp-osd_EbN0_8dB.log,new_nr_throughput,NR-LDPC,LDPC_5G_BG2_N128_K96_H,LDPC,5G NR,160,96,0.6,CUDA BP-OSD,qpsk,8.0,NA,10000.0,0.0,NA,NA,NA,NA,63.36,6874.48,NA,NA,199.87,593.78,NA,0.0461,0.0155,throughput-only OK: ; active_sc=512.0
E:\Codex\usrp_plt_1\build\uhd_cpp_gpu_pipeline\logs\throughput_nr_ldpc_polar_mcs_ebn0_0_2_16_20260602_215345\offline_gpu\LDPC_5G_BG2_N128_K96_H_qpsk_cuda-bp-osd_EbN0_10dB.log,new_nr_throughput,NR-LDPC,LDPC_5G_BG2_N128_K96_H,LDPC,5G NR,160,96,0.6,CUDA BP-OSD,qpsk,10.0,NA,10000.0,0.0,NA,NA,NA,NA,63.63,6904.28,NA,NA,196.54,723.09,NA,0.0469,0.0127,throughput-only OK: ; active_sc=512.0
E:\Codex\usrp_plt_1\build\uhd_cpp_gpu_pipeline\logs\throughput_nr_ldpc_polar_mcs_ebn0_0_2_16_20260602_215345\offline_gpu\LDPC_5G_BG2_N128_K96_H_qpsk_cuda-bp-osd_EbN0_12dB.log,new_nr_throughput,NR-LDPC,LDPC_5G_BG2_N128_K96_H,LDPC,5G NR,160,96,0.6,CUDA BP-OSD,qpsk,12.0,NA,10000.0,0.0,NA,NA,NA,NA,61.3,6651.82,NA,NA,190.64,682.56,NA,0.0483,0.0135,throughput-only OK: ; active_sc=512.0
E:\Codex\usrp_plt_1\build\uhd_cpp_gpu_pipeline\logs\throughput_nr_ldpc_polar_mcs_ebn0_0_2_16_20260602_215345\offline_gpu\LDPC_5G_BG2_N128_K96_H_qpsk_cuda-bp-osd_EbN0_14dB.log,new_nr_throughput,NR-LDPC,LDPC_5G_BG2_N128_K96_H,LDPC,5G NR,160,96,0.6,CUDA BP-OSD,qpsk,14.0,NA,10000.0,0.0,NA,NA,NA,NA,62.98,6833.44,NA,NA,195.24,709.54,NA,0.0472,0.013,throughput-only OK: ; active_sc=512.0
E:\Codex\usrp_plt_1\build\uhd_cpp_gpu_pipeline\logs\throughput_nr_ldpc_polar_mcs_ebn0_0_2_16_20260602_215345\offline_gpu\LDPC_5G_BG2_N128_K96_H_qpsk_cuda-bp-osd_EbN0_16dB.log,new_nr_throughput,NR-LDPC,LDPC_5G_BG2_N128_K96_H,LDPC,5G NR,160,96,0.6,CUDA BP-OSD,qpsk,16.0,NA,10000.0,0.0,NA,NA,NA,NA,62.31,6761.35,NA,NA,192.58,715.84,NA,0.0479,0.0129,throughput-only OK: ; active_sc=512.0
E:\Codex\usrp_plt_1\build\uhd_cpp_gpu_pipeline\logs\throughput_nr_ldpc_polar_mcs_ebn0_0_2_16_20260602_215345\offline_gpu\LDPC_5G_BG2_N128_K96_H_16qam_cuda-bp-osd_EbN0_0dB.log,new_nr_throughput,NR-LDPC,LDPC_5G_BG2_N128_K96_H,LDPC,5G NR,160,96,0.6,CUDA BP-OSD,16qam,0.0,NA,10000.0,0.0,NA,NA,NA,NA,11.26,611.05,NA,NA,330.27,12.53,NA,0.0558,1.4711,throughput-only OK: ; active_sc=512.0
E:\Codex\usrp_plt_1\build\uhd_cpp_gpu_pipeline\logs\throughput_nr_ldpc_polar_mcs_ebn0_0_2_16_20260602_215345\offline_gpu\LDPC_5G_BG2_N128_K96_H_16qam_cuda-bp-osd_EbN0_2dB.log,new_nr_throughput,NR-LDPC,LDPC_5G_BG2_N128_K96_H,LDPC,5G NR,160,96,0.6,CUDA BP-OSD,16qam,2.0,NA,10000.0,0.0,NA,NA,NA,NA,11.67,633.15,NA,NA,333.3,13.08,NA,0.0553,1.4097,throughput-only OK: ; active_sc=512.0
E:\Codex\usrp_plt_1\build\uhd_cpp_gpu_pipeline\logs\throughput_nr_ldpc_polar_mcs_ebn0_0_2_16_20260602_215345\offline_gpu\LDPC_5G_BG2_N128_K96_H_16qam_cuda-bp-osd_EbN0_4dB.log,new_nr_throughput,NR-LDPC,LDPC_5G_BG2_N128_K96_H,LDPC,5G NR,160,96,0.6,CUDA BP-OSD,16qam,4.0,NA,10000.0,0.0,NA,NA,NA,NA,12.53,679.97,NA,NA,330.51,14.18,NA,0.0558,1.3001,throughput-only OK: ; active_sc=512.0
E:\Codex\usrp_plt_1\build\uhd_cpp_gpu_pipeline\logs\throughput_nr_ldpc_polar_mcs_ebn0_0_2_16_20260602_215345\offline_gpu\LDPC_5G_BG2_N128_K96_H_16qam_cuda-bp-osd_EbN0_6dB.log,new_nr_throughput,NR-LDPC,LDPC_5G_BG2_N128_K96_H,LDPC,5G NR,160,96,0.6,CUDA BP-OSD,16qam,6.0,NA,10000.0,0.0,NA,NA,NA,NA,29.2,1584.47,NA,NA,330.48,39.88,NA,0.0558,0.4622,throughput-only OK: ; active_sc=512.0
E:\Codex\usrp_plt_1\build\uhd_cpp_gpu_pipeline\logs\throughput_nr_ldpc_polar_mcs_ebn0_0_2_16_20260602_215345\offline_gpu\LDPC_5G_BG2_N128_K96_H_16qam_cuda-bp-osd_EbN0_8dB.log,new_nr_throughput,NR-LDPC,LDPC_5G_BG2_N128_K96_H,LDPC,5G NR,160,96,0.6,CUDA BP-OSD,16qam,8.0,NA,10000.0,0.0,NA,NA,NA,NA,44.0,2387.15,NA,NA,338.58,70.82,NA,0.0544,0.2603,throughput-only OK: ; active_sc=512.0
E:\Codex\usrp_plt_1\build\uhd_cpp_gpu_pipeline\logs\throughput_nr_ldpc_polar_mcs_ebn0_0_2_16_20260602_215345\offline_gpu\LDPC_5G_BG2_N128_K96_H_16qam_cuda-bp-osd_EbN0_10dB.log,new_nr_throughput,NR-LDPC,LDPC_5G_BG2_N128_K96_H,LDPC,5G NR,160,96,0.6,CUDA BP-OSD,16qam,10.0,NA,10000.0,0.0,NA,NA,NA,NA,94.44,5123.78,NA,NA,336.4,646.07,NA,0.0548,0.0285,throughput-only OK: ; active_sc=512.0
E:\Codex\usrp_plt_1\build\uhd_cpp_gpu_pipeline\logs\throughput_nr_ldpc_polar_mcs_ebn0_0_2_16_20260602_215345\offline_gpu\LDPC_5G_BG2_N128_K96_H_16qam_cuda-bp-osd_EbN0_12dB.log,new_nr_throughput,NR-LDPC,LDPC_5G_BG2_N128_K96_H,LDPC,5G NR,160,96,0.6,CUDA BP-OSD,16qam,12.0,NA,10000.0,0.0,NA,NA,NA,NA,100.98,5478.44,NA,NA,334.3,897.98,NA,0.0551,0.0205,throughput-only OK: ; active_sc=512.0
E:\Codex\usrp_plt_1\build\uhd_cpp_gpu_pipeline\logs\throughput_nr_ldpc_polar_mcs_ebn0_0_2_16_20260602_215345\offline_gpu\LDPC_5G_BG2_N128_K96_H_16qam_cuda-bp-osd_EbN0_14dB.log,new_nr_throughput,NR-LDPC,LDPC_5G_BG2_N128_K96_H,LDPC,5G NR,160,96,0.6,CUDA BP-OSD,16qam,14.0,NA,10000.0,0.0,NA,NA,NA,NA,102.68,5570.95,NA,NA,335.99,1040.37,NA,0.0549,0.0177,throughput-only OK: ; active_sc=512.0
E:\Codex\usrp_plt_1\build\uhd_cpp_gpu_pipeline\logs\throughput_nr_ldpc_polar_mcs_ebn0_0_2_16_20260602_215345\offline_gpu\LDPC_5G_BG2_N128_K96_H_16qam_cuda-bp-osd_EbN0_16dB.log,new_nr_throughput,NR-LDPC,LDPC_5G_BG2_N128_K96_H,LDPC,5G NR,160,96,0.6,CUDA BP-OSD,16qam,16.0,NA,10000.0,0.0,NA,NA,NA,NA,100.77,5466.98,NA,NA,337.16,1040.16,NA,0.0547,0.0177,throughput-only OK: ; active_sc=512.0
